NAME,LON,LAT,Year,Month,Day,Hour,SID,SEASON,NUMBER,BASIN,SUBBASIN,ISO_TIME,NATURE,WMO_WIND_kts,WMO_PRES_mb,WMO_AGENCY,TRACK_TYPE,DIST2LAND_km,LANDFALL_km,STORM_SPEED_kts,STORM_DIR_degrees
NISHA,81.8,8.7,2008,11,24,0.25,2008329N09082,2008,95,NI,BB,24/11/2008 6:00,NR, , , ,main,55,34,6,292
NISHA,81.5201,8.81007,2008,11,24,0.375,2008329N09082,2008,95,NI,BB,24/11/2008 9:00,NR, , , ,main,34,24,5,292
NISHA,81.3,8.9,2008,11,24,0.5,2008329N09082,2008,95,NI,BB,24/11/2008 12:00,NR, , , ,main,24,15,4,294
NISHA,81.1775,8.95747,2008,11,24,0.625,2008329N09082,2008,95,NI,BB,24/11/2008 15:00,NR, , , ,main,24,15,2,297
NISHA,81.1,9,2008,11,24,0.75,2008329N09082,2008,95,NI,BB,24/11/2008 18:00,NR, , , ,main,15,10,2,295
NISHA,81,9.0425,2008,11,24,0.875,2008329N09082,2008,95,NI,BB,24/11/2008 21:00,NR, , , ,main,10,0,2,297
NISHA,80.9,9.1,2008,11,25,0,2008329N09082,2008,95,NI,BB,25/11/2008 0:00,TS, , , ,main,0,0,2,306
NISHA,80.8,9.185,2008,11,25,0.125,2008329N09082,2008,95,NI,BB,25/11/2008 3:00,TS, , , ,main,0,0,3,315
NISHA,80.7,9.3,2008,11,25,0.25,2008329N09082,2008,95,NI,BB,25/11/2008 6:00,TS, , , ,main,0,0,1,298
NISHA,80.668,9.254,2008,11,25,0.375,2008329N09082,2008,95,NI,BB,25/11/2008 9:00,TS,25,1001,newdelhi,main,0,0,1,213
NISHA,80.6667,9.23333,2008,11,25,0.5,2008329N09082,2008,95,NI,BB,25/11/2008 12:00,TS,30,1001,newdelhi,main,0,0,2,9
NISHA,80.6971,9.42857,2008,11,25,0.625,2008329N09082,2008,95,NI,BB,25/11/2008 15:00,TS,30,1001,newdelhi,main,10,10,5,341
NISHA,80.5,9.7,2008,11,25,0.75,2008329N09082,2008,95,NI,BB,25/11/2008 18:00,TS,30,1002,newdelhi,main,15,15,7,327
NISHA,80.3,10.0213,2008,11,25,0.875,2008329N09082,2008,95,NI,BB,25/11/2008 21:00,TS,30,1002,newdelhi,main,33,33,4,340
NISHA,80.35,10.1,2008,11,26,0,2008329N09082,2008,95,NI,BB,26/11/2008 0:00,TS,30,1000,newdelhi,main,46,44,4,7
NISHA,80.3613,10.45,2008,11,26,0.125,2008329N09082,2008,95,NI,BB,26/11/2008 3:00,TS,40,1000,newdelhi,main,54,54,5,0
NISHA,80.35,10.55,2008,11,26,0.25,2008329N09082,2008,95,NI,BB,26/11/2008 6:00,TS,40,1000,newdelhi,main,54,43,2,0
NISHA,80.3362,10.6325,2008,11,26,0.375,2008329N09082,2008,95,NI,BB,26/11/2008 9:00,TS,45,996,newdelhi,main,43,43,3,351
NISHA,80.3,10.85,2008,11,26,0.5,2008329N09082,2008,95,NI,BB,26/11/2008 12:00,TS,45,996,newdelhi,main,43,32,4,344
NISHA,80.2325,11.0038,2008,11,26,0.625,2008329N09082,2008,95,NI,BB,26/11/2008 15:00,TS,45,998,newdelhi,main,32,32,2,323
NISHA,80.15,11.05,2008,11,26,0.75,2008329N09082,2008,95,NI,BB,26/11/2008 18:00,TS,45,998,newdelhi,main,32,21,2,302
NISHA,80.0825,11.0962,2008,11,26,0.875,2008329N09082,2008,95,NI,BB,26/11/2008 21:00,TS,45,996,newdelhi,main,21,10,3,322
NISHA,79.95,11.3,2008,11,27,0,2008329N09082,2008,95,NI,BB,27/11/2008 0:00,TS,45,996,newdelhi,main,15,0,6,312
NISHA,79.6475,11.4787,2008,11,27,0.125,2008329N09082,2008,95,NI,BB,27/11/2008 3:00,TS,40,1000,newdelhi,main,0,0,7,305
NISHA,79.4009,11.6803,2008,11,27,0.25,2008329N09082,2008,95,NI,BB,27/11/2008 6:00,TS, , , ,main,0,0,6,296
NISHA,79.0532,11.7617,2008,11,27,0.375,2008329N09082,2008,95,NI,BB,27/11/2008 9:00,TS,30,1000,newdelhi,main,0,0,8,276
NISHA,78.58,11.76,2008,11,27,0.5,2008329N09082,2008,95,NI,BB,27/11/2008 12:00,TS,20,1000,newdelhi,main,0,0,9,278
NISHA,78.18,11.8773,2008,11,27,0.625,2008329N09082,2008,95,NI,BB,27/11/2008 15:00,TS, , , ,main,0,0,9,292
NISHA,77.7,12.1,2008,11,27,0.75,2008329N09082,2008,95,NI,AS,27/11/2008 18:00,TS, , , ,main,0,0,12,292
NISHA,77.0902,12.308,2008,11,27,0.875,2008329N09082,2008,95,NI,AS,27/11/2008 21:00,TS, , , ,main,0,0,13,287
NISHA,76.4,12.5,2008,11,28,0,2008329N09082,2008,95,NI,AS,28/11/2008 0:00,NR, , , ,main,0, ,14,286
MORAKOT,133.4,20.1,2009,8,2,0.75,2009215N20133,2009,45,WP,MM,2/08/2009 18:00,TS, ,994,tokyo,main,1180,1180,4,56
MORAKOT,133.577,20.2125,2009,8,2,0.875,2009215N20133,2009,45,WP,MM,2/08/2009 21:00,TS, , , ,main,1202,1202,4,62
MORAKOT,133.8,20.3,2009,8,3,0,2009215N20133,2009,45,WP,MM,3/08/2009 0:00,TS,35,992,tokyo,main,1224,1224,5,74
MORAKOT,134.093,20.3501,2009,8,3,0.125,2009215N20133,2009,45,WP,MM,3/08/2009 3:00,TS, , , ,main,1231,1231,6,84
MORAKOT,134.45,20.3667,2009,8,3,0.25,2009215N20133,2009,45,WP,MM,3/08/2009 6:00,TS,35,992,tokyo,main,1243,1243,7,83
MORAKOT,134.782,20.4307,2009,8,3,0.375,2009215N20133,2009,45,WP,MM,3/08/2009 9:00,TS, , , ,main,1252,1241,7,72
MORAKOT,135.11,20.57,2009,8,3,0.5,2009215N20133,2009,45,WP,MM,3/08/2009 12:00,TS,40,990,tokyo,main,1241,1232,7,57
MORAKOT,135.425,20.82,2009,8,3,0.625,2009215N20133,2009,45,WP,MM,3/08/2009 15:00,TS, , , ,main,1232,1208,8,43
MORAKOT,135.692,21.1462,2009,8,3,0.75,2009215N20133,2009,45,WP,MM,3/08/2009 18:00,TS,45,985,tokyo,main,1212,1186,8,35
MORAKOT,135.898,21.4592,2009,8,3,0.875,2009215N20133,2009,45,WP,MM,3/08/2009 21:00,TS, , , ,main,1180,1160,7,20
MORAKOT,135.933,21.7533,2009,8,4,0,2009215N20133,2009,45,WP,MM,4/08/2009 0:00,TS,45,985,tokyo,main,1150,1125,6,347
MORAKOT,135.752,22.0318,2009,8,4,0.125,2009215N20133,2009,45,WP,MM,4/08/2009 3:00,TS, , , ,main,1125,1087,7,316
MORAKOT,135.425,22.25,2009,8,4,0.25,2009215N20133,2009,45,WP,MM,4/08/2009 6:00,TS,45,985,tokyo,main,1077,1050,8,295
MORAKOT,135.011,22.3552,2009,8,4,0.375,2009215N20133,2009,45,WP,MM,4/08/2009 9:00,TS, , , ,main,1050,1035,8,281
MORAKOT,134.575,22.4,2009,8,4,0.5,2009215N20133,2009,45,WP,MM,4/08/2009 12:00,TS,50,980,tokyo,main,1035,1024,7,277
MORAKOT,134.239,22.4461,2009,8,4,0.625,2009215N20133,2009,45,WP,MM,4/08/2009 15:00,TS, , , ,main,1021,1000,6,279
MORAKOT,133.925,22.5,2009,8,4,0.75,2009215N20133,2009,45,WP,MM,4/08/2009 18:00,TS,55,975,tokyo,main,1000,981,6,284
MORAKOT,133.605,22.596,2009,8,4,0.875,2009215N20133,2009,45,WP,MM,4/08/2009 21:00,TS, , , ,main,981,959,7,287
MORAKOT,133.225,22.7,2009,8,5,0,2009215N20133,2009,45,WP,MM,5/08/2009 0:00,TS,60,975,tokyo,main,959,939,8,283
MORAKOT,132.741,22.7787,2009,8,5,0.125,2009215N20133,2009,45,WP,MM,5/08/2009 3:00,TS, , , ,main,936,927,10,279
MORAKOT,132.175,22.85,2009,8,5,0.25,2009215N20133,2009,45,WP,MM,5/08/2009 6:00,TS,60,970,tokyo,main,916,908,11,278
MORAKOT,131.586,22.9247,2009,8,5,0.375,2009215N20133,2009,45,WP,MM,5/08/2009 9:00,TS, , , ,main,908,893,12,277
MORAKOT,130.925,23,2009,8,5,0.5,2009215N20133,2009,45,WP,MM,5/08/2009 12:00,TS,60,970,tokyo,main,893,858,13,277
MORAKOT,130.166,23.0826,2009,8,5,0.625,2009215N20133,2009,45,WP,MM,5/08/2009 15:00,TS, , , ,main,858,778,14,276
MORAKOT,129.4,23.15,2009,8,5,0.75,2009215N20133,2009,45,WP,MM,5/08/2009 18:00,TS,65,965,tokyo,main,775,716,13,274
MORAKOT,128.735,23.1813,2009,8,5,0.875,2009215N20133,2009,45,WP,MM,5/08/2009 21:00,TS, , , ,main,706,646,12,272
MORAKOT,128.1,23.2,2009,8,6,0,2009215N20133,2009,45,WP,MM,6/08/2009 0:00,TS,65,965,tokyo,main,646,587,12,271
MORAKOT,127.438,23.2086,2009,8,6,0.125,2009215N20133,2009,45,WP,MM,6/08/2009 3:00,TS,65,960,tokyo,main,577,518,12,270
MORAKOT,126.75,23.2,2009,8,6,0.25,2009215N20133,2009,45,WP,MM,6/08/2009 6:00,TS,65,960,tokyo,main,518,447,13,274
MORAKOT,126.073,23.2874,2009,8,6,0.375,2009215N20133,2009,45,WP,MM,6/08/2009 9:00,TS,70,955,tokyo,main,447,376,13,279
MORAKOT,125.35,23.4,2009,8,6,0.5,2009215N20133,2009,45,WP,MM,6/08/2009 12:00,TS,70,950,tokyo,main,376,300,14,274
MORAKOT,124.602,23.3875,2009,8,6,0.625,2009215N20133,2009,45,WP,MM,6/08/2009 15:00,TS,75,945,tokyo,main,300,246,13,269
MORAKOT,123.975,23.375,2009,8,6,0.75,2009215N20133,2009,45,WP,MM,6/08/2009 18:00,TS,75,945,tokyo,main,246,211,10,273
MORAKOT,123.552,23.4353,2009,8,6,0.875,2009215N20133,2009,45,WP,MM,6/08/2009 21:00,TS,75,945,tokyo,main,211,164,8,281
MORAKOT,123.125,23.525,2009,8,7,0,2009215N20133,2009,45,WP,MM,7/08/2009 0:00,TS,75,945,tokyo,main,164,124,8,275
MORAKOT,122.727,23.5019,2009,8,7,0.125,2009215N20133,2009,45,WP,MM,7/08/2009 3:00,TS,70,950,tokyo,main,124,94,7,268
MORAKOT,122.375,23.5,2009,8,7,0.25,2009215N20133,2009,45,WP,MM,7/08/2009 6:00,TS,70,950,tokyo,main,94,74,5,273
MORAKOT,122.147,23.5293,2009,8,7,0.375,2009215N20133,2009,45,WP,MM,7/08/2009 9:00,TS,70,950,tokyo,main,65,52,4,288
MORAKOT,121.95,23.625,2009,8,7,0.5,2009215N20133,2009,45,WP,MM,7/08/2009 12:00,TS,70,950,tokyo,main,52,20,5,299
MORAKOT,121.681,23.7701,2009,8,7,0.625,2009215N20133,2009,45,WP,MM,7/08/2009 15:00,TS, , , ,main,20,0,6,306
MORAKOT,121.425,23.975,2009,8,7,0.75,2009215N20133,2009,45,WP,MM,7/08/2009 18:00,TS,65,960,tokyo,main,0,0,6,322
MORAKOT,121.267,24.2537,2009,8,7,0.875,2009215N20133,2009,45,WP,MM,7/08/2009 21:00,TS, , , ,main,0,0,6,334
MORAKOT,121.125,24.525,2009,8,8,0,2009215N20133,2009,45,WP,MM,8/08/2009 0:00,TS,60,970,tokyo,main,0,0,6,324
MORAKOT,120.907,24.6994,2009,8,8,0.125,2009215N20133,2009,45,WP,MM,8/08/2009 3:00,TS, , , ,main,0,0,5,308
MORAKOT,120.7,24.825,2009,8,8,0.25,2009215N20133,2009,45,WP,MM,8/08/2009 6:00,TS,60,970,tokyo,main,22,22,4,308
MORAKOT,120.563,24.9412,2009,8,8,0.375,2009215N20133,2009,45,WP,MM,8/08/2009 9:00,TS, , , ,main,35,35,3,318
MORAKOT,120.475,25.05,2009,8,8,0.5,2009215N20133,2009,45,WP,MM,8/08/2009 12:00,TS,60,970,tokyo,main,51,49,3,327
MORAKOT,120.41,25.1525,2009,8,8,0.625,2009215N20133,2009,45,WP,MM,8/08/2009 15:00,TS, , , ,main,64,64,3,340
MORAKOT,120.375,25.3,2009,8,8,0.75,2009215N20133,2009,45,WP,MM,8/08/2009 18:00,TS,60,975,tokyo,main,69,69,4,353
MORAKOT,120.374,25.5512,2009,8,8,0.875,2009215N20133,2009,45,WP,MM,8/08/2009 21:00,TS, , , ,main,73,70,5,0
MORAKOT,120.35,25.825,2009,8,9,0,2009215N20133,2009,45,WP,MM,9/08/2009 0:00,TS,60,975,tokyo,main,70,59,5,347
MORAKOT,120.248,26.0287,2009,8,9,0.125,2009215N20133,2009,45,WP,MM,9/08/2009 3:00,TS, , , ,main,49,31,5,331
MORAKOT,120.1,26.225,2009,8,9,0.25,2009215N20133,2009,45,WP,MM,9/08/2009 6:00,TS,60,975,tokyo,main,31,9,5,327
MORAKOT,119.939,26.4569,2009,8,9,0.375,2009215N20133,2009,45,WP,MM,9/08/2009 9:00,TS, , , ,main,9,0,6,329
MORAKOT,119.78,26.7,2009,8,9,0.5,2009215N20133,2009,45,WP,MM,9/08/2009 12:00,TS,50,980,tokyo,main,0,0,5,331
MORAKOT,119.653,26.9122,2009,8,9,0.625,2009215N20133,2009,45,WP,MM,9/08/2009 15:00,TS, , , ,main,0,0,5,340
MORAKOT,119.592,27.1692,2009,8,9,0.75,2009215N20133,2009,45,WP,MM,9/08/2009 18:00,MX,45,985,tokyo,main,0,0,6,358
MORAKOT,119.625,27.5558,2009,8,9,0.875,2009215N20133,2009,45,WP,MM,9/08/2009 21:00,TS, , , ,main,0,0,8,5
MORAKOT,119.667,28,2009,8,10,0,2009215N20133,2009,45,WP,MM,10/08/2009 0:00,TS,40,990,tokyo,main,0,0,8,7
MORAKOT,119.738,28.3867,2009,8,10,0.125,2009215N20133,2009,45,WP,MM,10/08/2009 3:00,TS, , , ,main,0,0,8,10
MORAKOT,119.833,28.8333,2009,8,10,0.25,2009215N20133,2009,45,WP,MM,10/08/2009 6:00,TS,35,992,tokyo,main,0,0,11,10
MORAKOT,119.941,29.4401,2009,8,10,0.375,2009215N20133,2009,45,WP,MM,10/08/2009 9:00,TS, , , ,main,0,0,13,8
MORAKOT,120.033,30.0667,2009,8,10,0.5,2009215N20133,2009,45,WP,MM,10/08/2009 12:00,TS,35,994,tokyo,main,0,0,11,4
MORAKOT,120.043,30.5574,2009,8,10,0.625,2009215N20133,2009,45,WP,MM,10/08/2009 15:00,TS, , , ,main,0,0,10,3
MORAKOT,120.1,31.0333,2009,8,10,0.75,2009215N20133,2009,45,WP,MM,10/08/2009 18:00,TS, ,996,tokyo,main,0,0,11,13
MORAKOT,120.329,31.6176,2009,8,10,0.875,2009215N20133,2009,45,WP,MM,10/08/2009 21:00,TS, , , ,main,0,0,12,22
MORAKOT,120.633,32.1667,2009,8,11,0,2009215N20133,2009,45,WP,MM,11/08/2009 0:00,TS, ,998,tokyo,main,0,0,11,27
MORAKOT,120.887,32.5556,2009,8,11,0.125,2009215N20133,2009,45,WP,MM,11/08/2009 3:00,TS, , , ,main,0,0,9,33
MORAKOT,121.2,32.9,2009,8,11,0.25,2009215N20133,2009,45,WP,MM,11/08/2009 6:00,TS, ,998,tokyo,main,27,27,10,39
MORAKOT,121.602,33.2987,2009,8,11,0.375,2009215N20133,2009,45,WP,MM,11/08/2009 9:00,TS, , , ,main,78,78,12,43
MORAKOT,122.136,33.7455,2009,8,11,0.5,2009215N20133,2009,45,WP,MM,11/08/2009 12:00,TS, ,998,tokyo,main,140,140,14,47
MORAKOT,122.854,34.2701,2009,8,11,0.625,2009215N20133,2009,45,WP,MM,11/08/2009 15:00,TS, , , ,main,229,229,17,51
MORAKOT,123.688,34.7875,2009,8,11,0.75,2009215N20133,2009,45,WP,MM,11/08/2009 18:00,MX, ,998,tokyo,main,229,146,18,55
MORAKOT,124.642,35.3124,2009,8,11,0.875,2009215N20133,2009,45,WP,MM,11/08/2009 21:00,MX, , , ,main,146,84,17,60
MORAKOT,125.54,35.66,2009,8,12,0,2009215N20133,2009,45,WP,MM,12/08/2009 0:00,ET, ,998,tokyo,main,90,21,15,70
MORAKOT,126.412,35.827,2009,8,12,0.125,2009215N20133,2009,45,WP,MM,12/08/2009 3:00,ET, , , ,main,21,0,18,72
MORAKOT,127.6,36.2,2009,8,12,0.25,2009215N20133,2009,45,WP,MM,12/08/2009 6:00,ET, , , ,main,0,0,22,74
MORAKOT,129.028,36.4508,2009,8,12,0.375,2009215N20133,2009,45,WP,MM,12/08/2009 9:00,ET, , , ,main,0,0,26,77
MORAKOT,130.8,36.8,2009,8,12,0.5,2009215N20133,2009,45,WP,MM,12/08/2009 12:00,ET, , , ,main,116,116,34,73
MORAKOT,133.081,37.431,2009,8,12,0.625,2009215N20133,2009,45,WP,MM,12/08/2009 15:00,ET, , , ,main,211,158,39,69
MORAKOT,135.4,38.2,2009,8,12,0.75,2009215N20133,2009,45,WP,MM,12/08/2009 18:00,ET, , , ,main,151,130,36,64
MORAKOT,137.216,38.9939,2009,8,12,0.875,2009215N20133,2009,45,WP,MM,12/08/2009 21:00,ET, , , ,main,178,85,31,59
MORAKOT,138.8,39.8,2009,8,13,0,2009215N20133,2009,45,WP,MM,13/08/2009 0:00,ET, , , ,main,77,0,28,57
MORAKOT,140.344,40.5306,2009,8,13,0.125,2009215N20133,2009,45,WP,MM,13/08/2009 3:00,ET, , , ,main,0,0,27,59
MORAKOT,141.9,41.2,2009,8,13,0.25,2009215N20133,2009,45,WP,MM,13/08/2009 6:00,ET, , , ,main,41, ,27,60
OSWALD,138,-14,2013,1,17,0.5,2013018S14138,2013,4,SP,EA,17/01/2013 12:00,NR,15,1003,bom,main,112,110,17,162
OSWALD,138.27,-14.7924,2013,1,17,0.625,2013018S14138,2013,4,SP,EA,17/01/2013 15:00,NR, , , ,main,150,116,16,162
OSWALD,138.5,-15.5,2013,1,17,0.75,2013018S14138,2013,4,SP,EA,17/01/2013 18:00,NR,15,1000,bom,main,116,89,13,164
OSWALD,138.651,-16.0544,2013,1,17,0.875,2013018S14138,2013,4,SP,EA,17/01/2013 21:00,NR, , , ,main,79,46,10,168
OSWALD,138.707,-16.4495,2013,1,18,0,2013018S14138,2013,4,SP,EA,18/01/2013 0:00,NR, , , ,main,46,15,6,0
OSWALD,138.66,-16.695,2013,1,18,0.125,2013018S14138,2013,4,SP,EA,18/01/2013 3:00,NR, , , ,main,15,0,4,209
OSWALD,138.5,-16.8,2013,1,18,0.25,2013018S14138,2013,4,SP,EA,18/01/2013 6:00,NR,20,998,bom,main,0,0,4,256
OSWALD,138.274,-16.7873,2013,1,18,0.375,2013018S14138,2013,4,SP,EA,18/01/2013 9:00,NR, , , ,main,0,0,6,280
OSWALD,137.9,-16.7,2013,1,18,0.5,2013018S14138,2013,4,SP,EA,18/01/2013 12:00,NR,20,998,bom,main,0,0,9,279
OSWALD,137.352,-16.6452,2013,1,18,0.625,2013018S14138,2013,4,SP,EA,18/01/2013 15:00,NR, , , ,main,0,0,11,276
OSWALD,136.75,-16.59,2013,1,18,0.75,2013018S14138,2013,4,SP,EA,18/01/2013 18:00,NR,20,998,bom,main,0,0,11,274
OSWALD,136.24,-16.5736,2013,1,18,0.875,2013018S14138,2013,4,SP,EA,18/01/2013 21:00,NR, , , ,main,0,0,9,270
OSWALD,135.791,-16.5849,2013,1,19,0,2013018S14138,2013,4,SP,EA,19/01/2013 0:00,NR, , , ,main,0,0,8,267
OSWALD,135.408,-16.617,2013,1,19,0.125,2013018S14138,2013,4,SP,EA,19/01/2013 3:00,NR, , , ,main,0,0,7,263
OSWALD,135.098,-16.6629,2013,1,19,0.25,2013018S14138,2013,4,SP,EA,19/01/2013 6:00,NR, , , ,main,0,0,5,259
OSWALD,134.866,-16.7157,2013,1,19,0.375,2013018S14138,2013,4,SI,WA,19/01/2013 9:00,NR, , , ,main,0,0,4,254
OSWALD,134.719,-16.7683,2013,1,19,0.5,2013018S14138,2013,4,SI,WA,19/01/2013 12:00,NR, , , ,main,0,0,2,243
OSWALD,134.662,-16.8135,2013,1,19,0.625,2013018S14138,2013,4,SI,WA,19/01/2013 15:00,NR, , , ,main,0,0,1,196
OSWALD,134.701,-16.8443,2013,1,19,0.75,2013018S14138,2013,4,SI,WA,19/01/2013 18:00,NR, , , ,main,0,0,2,103
OSWALD,134.843,-16.8533,2013,1,19,0.875,2013018S14138,2013,4,SI,WA,19/01/2013 21:00,NR, , , ,main,0,0,4,88
OSWALD,135.094,-16.833,2013,1,20,0,2013018S14138,2013,4,SP,EA,20/01/2013 0:00,NR, , , ,main,0,0,6,82
OSWALD,135.459,-16.7756,2013,1,20,0.125,2013018S14138,2013,4,SP,EA,20/01/2013 3:00,NR, , , ,main,0,0,8,79
OSWALD,135.945,-16.6732,2013,1,20,0.25,2013018S14138,2013,4,SP,EA,20/01/2013 6:00,NR, , , ,main,0,0,11,76
OSWALD,136.557,-16.5175,2013,1,20,0.375,2013018S14138,2013,4,SP,EA,20/01/2013 9:00,NR, , , ,main,0,0,14,74
OSWALD,137.32,-16.3,2013,1,20,0.5,2013018S14138,2013,4,SP,EA,20/01/2013 12:00,TS,20,999,bom,main,0,0,17,70
OSWALD,138.194,-15.935,2013,1,20,0.625,2013018S14138,2013,4,SP,EA,20/01/2013 15:00,TS, , , ,main,63,63,17,69
OSWALD,138.971,-15.7,2013,1,20,0.75,2013018S14138,2013,4,SP,EA,20/01/2013 18:00,TS,30,997,bom,main,130,130,14,81
OSWALD,139.588,-15.7335,2013,1,20,0.875,2013018S14138,2013,4,SP,EA,20/01/2013 21:00,TS, , , ,main,148,139,11,98
OSWALD,140.1,-15.85,2013,1,21,0,2013018S14138,2013,4,SP,EA,21/01/2013 0:00,TS,30,996,bom,main,139,96,9,98
OSWALD,140.52,-15.8586,2013,1,21,0.125,2013018S14138,2013,4,SP,EA,21/01/2013 3:00,TS, , , ,main,96,65,7,86
OSWALD,140.85,-15.8,2013,1,21,0.25,2013018S14138,2013,4,SP,EA,21/01/2013 6:00,TS,35,992,bom,main,54,39,6,74
OSWALD,141.155,-15.6799,2013,1,21,0.375,2013018S14138,2013,4,SP,EA,21/01/2013 9:00,TS, , , ,main,30,10,6,60
OSWALD,141.4,-15.5,2013,1,21,0.5,2013018S14138,2013,4,SP,EA,21/01/2013 12:00,TS,35,992,bom,main,10,0,6,48
OSWALD,141.594,-15.2974,2013,1,21,0.625,2013018S14138,2013,4,SP,EA,21/01/2013 15:00,TS, , , ,main,0,0,6,37
OSWALD,141.75,-15.05,2013,1,21,0.75,2013018S14138,2013,4,SP,EA,21/01/2013 18:00,TS,30,991,bom,main,0,0,6,23
OSWALD,141.84,-14.746,2013,1,21,0.875,2013018S14138,2013,4,SP,EA,21/01/2013 21:00,TS, , , ,main,0,0,7,26
OSWALD,142.05,-14.45,2013,1,22,0,2013018S14138,2013,4,SP,EA,22/01/2013 0:00,TS,25,993,bom,main,0,0,9,50
OSWALD,142.562,-14.164,2013,1,22,0.125,2013018S14138,2013,4,SP,EA,22/01/2013 3:00,TS, , , ,main,0,0,12,70
OSWALD,143.2,-14.05,2013,1,22,0.25,2013018S14138,2013,4,SP,EA,22/01/2013 6:00,TS, , ,bom,main,0,0,12,93
OSWALD,143.834,-14.2277,2013,1,22,0.375,2013018S14138,2013,4,SP,EA,22/01/2013 9:00,TS, , , ,main,10,0,12,116
OSWALD,144.35,-14.6,2013,1,22,0.5,2013018S14138,2013,4,SP,EA,22/01/2013 12:00,TS, , ,bom,main,0,0,11,138
OSWALD,144.611,-15.061,2013,1,22,0.625,2013018S14138,2013,4,SP,EA,22/01/2013 15:00,TS, , , ,main,0,0,10,159
OSWALD,144.7,-15.5,2013,1,22,0.75,2013018S14138,2013,4,SP,EA,22/01/2013 18:00,TS, , ,bom,main,0,0,7,170
OSWALD,144.726,-15.73,2013,1,22,0.875,2013018S14138,2013,4,SP,EA,22/01/2013 21:00,TS, , , ,main,0,0,4,0
OSWALD,144.7,-15.9,2013,1,23,0,2013018S14138,2013,4,SP,EA,23/01/2013 0:00,TS, , ,bom,main,0,0,4,186
OSWALD,144.693,-16.1313,2013,1,23,0.125,2013018S14138,2013,4,SP,EA,23/01/2013 3:00,TS, , , ,main,0,0,5,178
OSWALD,144.7,-16.4,2013,1,23,0.25,2013018S14138,2013,4,SP,EA,23/01/2013 6:00,TS, , ,bom,main,0,0,6,176
OSWALD,144.742,-16.71,2013,1,23,0.375,2013018S14138,2013,4,SP,EA,23/01/2013 9:00,TS, , , ,main,0,0,6,172
OSWALD,144.8,-17.0286,2013,1,23,0.5,2013018S14138,2013,4,SP,EA,23/01/2013 12:00,NR, , ,bom,main,0,0,7,172
OSWALD,144.845,-17.3966,2013,1,23,0.625,2013018S14138,2013,4,SP,EA,23/01/2013 15:00,NR, , , ,main,0,0,8,169
OSWALD,144.96,-17.84,2013,1,23,0.75,2013018S14138,2013,4,SP,EA,23/01/2013 18:00,NR, , ,bom,main,0,0,10,160
OSWALD,145.218,-18.3422,2013,1,23,0.875,2013018S14138,2013,4,SP,EA,23/01/2013 21:00,NR, , , ,main,0,0,11,148
OSWALD,145.6,-18.8,2013,1,24,0,2013018S14138,2013,4,SP,EA,24/01/2013 0:00,NR, , ,bom,main,0,0,14,135
OSWALD,146.235,-19.3206,2013,1,24,0.125,2013018S14138,2013,4,SP,EA,24/01/2013 3:00,NR, , , ,main,0,0,17,132
OSWALD,146.9,-19.9,2013,1,24,0.25,2013018S14138,2013,4,SP,EA,24/01/2013 6:00,NR, , ,bom,main,0,0,17,141
OSWALD,147.36,-20.6097,2013,1,24,0.375,2013018S14138,2013,4,SP,EA,24/01/2013 9:00,NR, , , ,main,0,0,15,150
OSWALD,147.7,-21.2,2013,1,24,0.5,2013018S14138,2013,4,SP,EA,24/01/2013 12:00,NR, , ,bom,main,0,0,10,143
OSWALD,147.981,-21.3799,2013,1,24,0.625,2013018S14138,2013,4,SP,EA,24/01/2013 15:00,NR, , , ,main,0,0,6,123
OSWALD,148.2,-21.5,2013,1,24,0.75,2013018S14138,2013,4,SP,EA,24/01/2013 18:00,NR, , ,bom,main,0,0,7,146
OSWALD,148.385,-21.9349,2013,1,24,0.875,2013018S14138,2013,4,SP,EA,24/01/2013 21:00,NR, , , ,main,0,0,10,158
OSWALD,148.6,-22.4,2013,1,25,0,2013018S14138,2013,4,SP,EA,25/01/2013 0:00,NR, , ,bom,main,0,0,10,145
OSWALD,148.98,-22.7103,2013,1,25,0.125,2013018S14138,2013,4,SP,EA,25/01/2013 3:00,NR, , , ,main,0,0,8,128
OSWALD,149.3,-22.9,2013,1,25,0.25,2013018S14138,2013,4,SP,EA,25/01/2013 6:00,NR, , ,bom,main,0,0,4,126
OSWALD,149.368,-22.9724,2013,1,25,0.375,2013018S14138,2013,4,SP,EA,25/01/2013 9:00,NR, , , ,main,0,0,1,0
OSWALD,149.3,-23,2013,1,25,0.5,2013018S14138,2013,4,SP,EA,25/01/2013 12:00,NR, , ,bom,main,0,0,2,222
OSWALD,149.238,-23.0999,2013,1,25,0.625,2013018S14138,2013,4,SP,EA,25/01/2013 15:00,NR, , , ,main,0,0,3,223
OSWALD,149.1,-23.2,2013,1,25,0.75,2013018S14138,2013,4,SP,EA,25/01/2013 18:00,NR, , ,bom,main,0,0,4,249
OSWALD,148.842,-23.2427,2013,1,25,0.875,2013018S14138,2013,4,SP,EA,25/01/2013 21:00,NR, , , ,main,0,0,5,258
OSWALD,148.6,-23.3,2013,1,26,0,2013018S14138,2013,4,SP,EA,26/01/2013 0:00,NR, , ,bom,main,0,0,4,243
OSWALD,148.445,-23.4272,2013,1,26,0.125,2013018S14138,2013,4,SP,EA,26/01/2013 3:00,NR, , , ,main,0,0,3,196
OSWALD,148.5,-23.6,2013,1,26,0.25,2013018S14138,2013,4,SP,EA,26/01/2013 6:00,NR, , ,bom,main,0,0,5,130
OSWALD,148.897,-23.7779,2013,1,26,0.375,2013018S14138,2013,4,SP,EA,26/01/2013 9:00,NR, , , ,main,0,0,9,116
OSWALD,149.4,-24,2013,1,26,0.5,2013018S14138,2013,4,SP,EA,26/01/2013 12:00,NR, , ,bom,main,0,0,9,117
OSWALD,149.775,-24.195,2013,1,26,0.625,2013018S14138,2013,4,SP,EA,26/01/2013 15:00,NR, , , ,main,0,0,8,138
OSWALD,150,-24.6,2013,1,26,0.75,2013018S14138,2013,4,SP,EA,26/01/2013 18:00,NR, , ,bom,main,0,0,13,173
OSWALD,149.959,-25.5224,2013,1,26,0.875,2013018S14138,2013,4,SP,EA,26/01/2013 21:00,NR, , , ,main,0,0,18,183
OSWALD,149.9,-26.4,2013,1,27,0,2013018S14138,2013,4,SP,EA,27/01/2013 0:00,NR, , ,bom,main,0,0,12,174
OSWALD,150.105,-26.67,2013,1,27,0.125,2013018S14138,2013,4,SP,EA,27/01/2013 3:00,NR, , , ,main,0,0,5,124
OSWALD,150.4,-26.7,2013,1,27,0.25,2013018S14138,2013,4,SP,EA,27/01/2013 6:00,NR, , ,bom,main,0,0,5,106
OSWALD,150.68,-26.8151,2013,1,27,0.375,2013018S14138,2013,4,SP,EA,27/01/2013 9:00,NR, , , ,main,0,0,5,114
OSWALD,150.9,-26.9,2013,1,27,0.5,2013018S14138,2013,4,SP,EA,27/01/2013 12:00,NR, , ,bom,main,0,0,3,115
OSWALD,150.98,-26.9424,2013,1,27,0.625,2013018S14138,2013,4,SP,EA,27/01/2013 15:00,NR, , , ,main,0,0,1,140
OSWALD,151,-27,2013,1,27,0.75,2013018S14138,2013,4,SP,EA,27/01/2013 18:00,NR, , ,bom,main,0,0,1,139
OSWALD,151.072,-27.0375,2013,1,27,0.875,2013018S14138,2013,4,SP,EA,27/01/2013 21:00,NR, , , ,main,0,0,3,164
OSWALD,151.1,-27.3,2013,1,28,0,2013018S14138,2013,4,SP,EA,28/01/2013 0:00,NR, , ,bom,main,0,0,9,184
OSWALD,150.994,-27.9576,2013,1,28,0.125,2013018S14138,2013,4,SP,EA,28/01/2013 3:00,NR, , , ,main,0,0,16,186
OSWALD,150.9,-28.9,2013,1,28,0.25,2013018S14138,2013,4,SP,EA,28/01/2013 6:00,NR, , ,bom,main,0,0,20,181
OSWALD,150.951,-29.9725,2013,1,28,0.375,2013018S14138,2013,4,SP,EA,28/01/2013 9:00,NR, , , ,main,0,0,22,175
OSWALD,151.1,-31.1,2013,1,28,0.5,2013018S14138,2013,4,SP,EA,28/01/2013 12:00,NR, , ,bom,main,0, ,23,174
IDAI,38,-18,2019,3,4,0,2019063S18038,2019,13,SI,MM,4/03/2019 0:00,TS,30,1005,reunion,main,70,59,2,8
IDAI,38.015,-17.8824,2019,3,4,0.125,2019063S18038,2019,13,SI,MM,4/03/2019 3:00,TS, , , ,main,59,45,2,333
IDAI,37.9,-17.8,2019,3,4,0.25,2019063S18038,2019,13,SI,MM,4/03/2019 6:00,TS,33,1001,reunion,main,45,30,4,286
IDAI,37.5925,-17.7652,2019,3,4,0.375,2019063S18038,2019,13,SI,MM,4/03/2019 9:00,TS, , , ,main,30,10,6,280
IDAI,37.3,-17.7,2019,3,4,0.5,2019063S18038,2019,13,SI,MM,4/03/2019 12:00,TS,37,997,reunion,main,10,0,4,309
IDAI,37.2701,-17.5149,2019,3,4,0.625,2019063S18038,2019,13,SI,MM,4/03/2019 15:00,TS, , , ,main,0,0,4,0
IDAI,37.3,-17.3,2019,3,4,0.75,2019063S18038,2019,13,SI,MM,4/03/2019 18:00,NR,25,1003,reunion,main,0,0,4,352
IDAI,37.2074,-17.1275,2019,3,4,0.875,2019063S18038,2019,13,SI,MM,4/03/2019 21:00,NR, , , ,main,0,0,3,338
IDAI,37.18,-17.02,2019,3,5,0,2019063S18038,2019,13,SI,MM,5/03/2019 0:00,TS,20,1003,reunion,main,0,0,2,344
IDAI,37.1767,-16.98,2019,3,5,0.125,2019063S18038,2019,13,SI,MM,5/03/2019 3:00,TS, , , ,main,0,0,1,347
IDAI,37.1714,-16.9429,2019,3,5,0.25,2019063S18038,2019,13,SI,MM,5/03/2019 6:00,TS,20,1003,reunion,main,0,0,1,346
IDAI,37.1425,-16.865,2019,3,5,0.375,2019063S18038,2019,13,SI,MM,5/03/2019 9:00,TS, , , ,main,0,0,2,340
IDAI,37.1,-16.75,2019,3,5,0.5,2019063S18038,2019,13,SI,MM,5/03/2019 12:00,TS,20,1003,reunion,main,0,0,3,351
IDAI,37.0925,-16.615,2019,3,5,0.625,2019063S18038,2019,13,SI,MM,5/03/2019 15:00,TS, , , ,main,0,0,3,0
IDAI,37.1,-16.45,2019,3,5,0.75,2019063S18038,2019,13,SI,MM,5/03/2019 18:00,TS,20,1003,reunion,main,0,0,4,0
IDAI,37.1038,-16.2537,2019,3,5,0.875,2019063S18038,2019,13,SI,MM,5/03/2019 21:00,TS, , , ,main,0,0,4,0
IDAI,37.1,-16.05,2019,3,6,0,2019063S18038,2019,13,SI,MM,6/03/2019 0:00,TS,20,1003,reunion,main,0,0,4,358
IDAI,37.09,-15.8787,2019,3,6,0.125,2019063S18038,2019,13,SI,MM,6/03/2019 3:00,TS, , , ,main,0,0,4,354
IDAI,37.05,-15.7,2019,3,6,0.25,2019063S18038,2019,13,SI,MM,6/03/2019 6:00,TS,20,1002,reunion,main,0,0,4,345
IDAI,36.9763,-15.4712,2019,3,6,0.375,2019063S18038,2019,13,SI,MM,6/03/2019 9:00,TS, , , ,main,0,0,5,337
IDAI,36.85,-15.25,2019,3,6,0.5,2019063S18038,2019,13,SI,MM,6/03/2019 12:00,TS,20,1002,reunion,main,0,0,5,325
IDAI,36.6761,-15.0513,2019,3,6,0.625,2019063S18038,2019,13,SI,MM,6/03/2019 15:00,TS, , , ,main,0,0,5,308
IDAI,36.45,-14.95,2019,3,6,0.75,2019063S18038,2019,13,SI,MM,6/03/2019 18:00,TS, , ,reunion,main,0,0,5,274
IDAI,36.1565,-15.0163,2019,3,6,0.875,2019063S18038,2019,13,SI,MM,6/03/2019 21:00,TS, , , ,main,0,0,6,249
IDAI,35.9,-15.15,2019,3,7,0,2019063S18038,2019,13,SI,MM,7/03/2019 0:00,NR, , ,reunion,main,0,0,4,239
IDAI,35.7837,-15.2324,2019,3,7,0.125,2019063S18038,2019,13,SI,MM,7/03/2019 3:00,NR, , , ,main,0,0,2,223
IDAI,35.75,-15.3,2019,3,7,0.25,2019063S18038,2019,13,SI,MM,7/03/2019 6:00,TS, , ,reunion,main,0,0,1,194
IDAI,35.7463,-15.3538,2019,3,7,0.375,2019063S18038,2019,13,SI,MM,7/03/2019 9:00,TS, , , ,main,0,0,1,0
IDAI,35.75,-15.4,2019,3,7,0.5,2019063S18038,2019,13,SI,MM,7/03/2019 12:00,NR, , ,reunion,main,0,0,1,217
IDAI,35.6887,-15.4312,2019,3,7,0.625,2019063S18038,2019,13,SI,MM,7/03/2019 15:00,NR, , , ,main,0,0,1,223
IDAI,35.65,-15.5,2019,3,7,0.75,2019063S18038,2019,13,SI,MM,7/03/2019 18:00,NR, , ,reunion,main,0,0,2,186
IDAI,35.6688,-15.6674,2019,3,7,0.875,2019063S18038,2019,13,SI,MM,7/03/2019 21:00,NR, , , ,main,0,0,4,158
IDAI,35.8,-15.85,2019,3,8,0,2019063S18038,2019,13,SI,MM,8/03/2019 0:00,NR, , ,reunion,main,0,0,5,126
IDAI,36.08,-15.9575,2019,3,8,0.125,2019063S18038,2019,13,SI,MM,8/03/2019 3:00,NR, , , ,main,0,0,7,108
IDAI,36.45,-16.05,2019,3,8,0.25,2019063S18038,2019,13,SI,MM,8/03/2019 6:00,NR, , ,reunion,main,0,0,7,107
IDAI,36.81,-16.175,2019,3,8,0.375,2019063S18038,2019,13,SI,MM,8/03/2019 9:00,NR, , , ,main,0,0,8,109
IDAI,37.2,-16.3,2019,3,8,0.5,2019063S18038,2019,13,SI,MM,8/03/2019 12:00,NR, , ,reunion,main,0,0,8,106
IDAI,37.6026,-16.3999,2019,3,8,0.625,2019063S18038,2019,13,SI,MM,8/03/2019 15:00,NR, , , ,main,0,0,8,104
IDAI,38.05,-16.5,2019,3,8,0.75,2019063S18038,2019,13,SI,MM,8/03/2019 18:00,TS, , ,reunion,main,0,0,9,104
IDAI,38.5563,-16.6212,2019,3,8,0.875,2019063S18038,2019,13,SI,MM,8/03/2019 21:00,TS, , , ,main,0,0,10,104
IDAI,39.1,-16.75,2019,3,9,0,2019063S18038,2019,13,SI,MM,9/03/2019 0:00,TS, , ,reunion,main,0,0,11,105
IDAI,39.6499,-16.8974,2019,3,9,0.125,2019063S18038,2019,13,SI,MM,9/03/2019 3:00,TS, , , ,main,30,30,11,103
IDAI,40.2,-17,2019,3,9,0.25,2019063S18038,2019,13,SI,MM,9/03/2019 6:00,TS,30,1000,reunion,main,70,70,11,95
IDAI,40.7553,-16.9863,2019,3,9,0.375,2019063S18038,2019,13,SI,MM,9/03/2019 9:00,TS, , , ,main,120,120,10,87
IDAI,41.25,-16.95,2019,3,9,0.5,2019063S18038,2019,13,SI,MM,9/03/2019 12:00,TS,33,998,reunion,main,159,156,9,90
IDAI,41.6487,-16.9849,2019,3,9,0.625,2019063S18038,2019,13,SI,MM,9/03/2019 15:00,TS, , , ,main,192,192,7,99
IDAI,41.95,-17.05,2019,3,9,0.75,2019063S18038,2019,13,SI,MM,9/03/2019 18:00,TS,35,996,reunion,main,209,185,5,106
IDAI,42.1837,-17.1287,2019,3,9,0.875,2019063S18038,2019,13,SI,MM,9/03/2019 21:00,TS, , , ,main,185,173,4,112
IDAI,42.35,-17.2,2019,3,10,0,2019063S18038,2019,13,SI,MM,10/03/2019 0:00,TS,40,992,reunion,main,162,152,3,112
IDAI,42.475,-17.2399,2019,3,10,0.125,2019063S18038,2019,13,SI,MM,10/03/2019 3:00,TS, , , ,main,152,139,2,102
IDAI,42.6,-17.25,2019,3,10,0.25,2019063S18038,2019,13,SI,MM,10/03/2019 6:00,TS,45,990,reunion,main,142,121,3,89
IDAI,42.8038,-17.2325,2019,3,10,0.375,2019063S18038,2019,13,SI,MM,10/03/2019 9:00,TS, , , ,main,121,101,4,83
IDAI,43,-17.2,2019,3,10,0.5,2019063S18038,2019,13,SI,MM,10/03/2019 12:00,TS,55,987,reunion,main,101,91,3,78
IDAI,43.1375,-17.1637,2019,3,10,0.625,2019063S18038,2019,13,SI,MM,10/03/2019 15:00,TS, , , ,main,91,81,2,75
IDAI,43.2,-17.15,2019,3,10,0.75,2019063S18038,2019,13,SI,MM,10/03/2019 18:00,TS,70,978,reunion,main,86,81,0,123
IDAI,43.1766,-17.1942,2019,3,10,0.875,2019063S18038,2019,13,SI,MM,10/03/2019 21:00,TS, , , ,main,81,81,1,223
IDAI,43.1,-17.25,2019,3,11,0,2019063S18038,2019,13,SI,MM,11/03/2019 0:00,TS,90,968,reunion,main,91,87,2,241
IDAI,43.0325,-17.2675,2019,3,11,0.125,2019063S18038,2019,13,SI,MM,11/03/2019 3:00,TS, , , ,main,98,98,1,223
IDAI,43,-17.35,2019,3,11,0.25,2019063S18038,2019,13,SI,MM,11/03/2019 6:00,TS,90,960,reunion,main,98,96,2,215
IDAI,42.8996,-17.4517,2019,3,11,0.375,2019063S18038,2019,13,SI,MM,11/03/2019 9:00,TS, , , ,main,106,106,3,230
IDAI,42.75,-17.55,2019,3,11,0.5,2019063S18038,2019,13,SI,MM,11/03/2019 12:00,TS,95,955,reunion,main,116,116,4,241
IDAI,42.575,-17.6213,2019,3,11,0.625,2019063S18038,2019,13,SI,MM,11/03/2019 15:00,TS, , , ,main,138,138,4,246
IDAI,42.4,-17.7,2019,3,11,0.75,2019063S18038,2019,13,SI,MM,11/03/2019 18:00,TS,85,958,reunion,main,160,160,3,236
IDAI,42.2787,-17.81,2019,3,11,0.875,2019063S18038,2019,13,SI,MM,11/03/2019 21:00,TS, , , ,main,172,172,3,224
IDAI,42.15,-17.95,2019,3,12,0,2019063S18038,2019,13,SI,MM,12/03/2019 0:00,TS,75,968,reunion,main,185,188,4,224
IDAI,41.9687,-18.1137,2019,3,12,0.125,2019063S18038,2019,13,SI,MM,12/03/2019 3:00,TS, , , ,main,211,211,5,227
IDAI,41.75,-18.3,2019,3,12,0.25,2019063S18038,2019,13,SI,MM,12/03/2019 6:00,TS,70,973,reunion,main,232,242,6,228
IDAI,41.5038,-18.5038,2019,3,12,0.375,2019063S18038,2019,13,SI,MM,12/03/2019 9:00,TS, , , ,main,263,263,6,230
IDAI,41.25,-18.7,2019,3,12,0.5,2019063S18038,2019,13,SI,MM,12/03/2019 12:00,TS,75,965,reunion,main,286,286,6,230
IDAI,41.0437,-18.8649,2019,3,12,0.625,2019063S18038,2019,13,SI,MM,12/03/2019 15:00,TS, , , ,main,292,285,5,235
IDAI,40.8,-19,2019,3,12,0.75,2019063S18038,2019,13,SI,MM,12/03/2019 18:00,TS,80,965,reunion,main,287,277,6,247
IDAI,40.4288,-19.1151,2019,3,12,0.875,2019063S18038,2019,13,SI,MM,12/03/2019 21:00,TS, , , ,main,272,267,7,254
IDAI,40.05,-19.2,2019,3,13,0,2019063S18038,2019,13,SI,MM,13/03/2019 0:00,TS,80,970,reunion,main,267,257,6,257
IDAI,39.7849,-19.2574,2019,3,13,0.125,2019063S18038,2019,13,SI,MM,13/03/2019 3:00,TS, , , ,main,267,262,5,258
IDAI,39.55,-19.3,2019,3,13,0.25,2019063S18038,2019,13,SI,MM,13/03/2019 6:00,TS,75,970,reunion,main,262,254,5,259
IDAI,39.275,-19.35,2019,3,13,0.375,2019063S18038,2019,13,SI,MM,13/03/2019 9:00,TS, , , ,main,254,253,5,259
IDAI,39,-19.4,2019,3,13,0.5,2019063S18038,2019,13,SI,MM,13/03/2019 12:00,TS,85,962,reunion,main,253,238,5,259
IDAI,38.7537,-19.4462,2019,3,13,0.625,2019063S18038,2019,13,SI,MM,13/03/2019 15:00,TS, , , ,main,238,222,5,258
IDAI,38.5,-19.5,2019,3,13,0.75,2019063S18038,2019,13,SI,MM,13/03/2019 18:00,TS,105,945,reunion,main,222,207,5,256
IDAI,38.2187,-19.5712,2019,3,13,0.875,2019063S18038,2019,13,SI,MM,13/03/2019 21:00,TS, , , ,main,207,184,6,255
IDAI,37.9,-19.65,2019,3,14,0,2019063S18038,2019,13,SI,MM,14/03/2019 0:00,TS,105,940,reunion,main,184,163,7,256
IDAI,37.54,-19.7287,2019,3,14,0.125,2019063S18038,2019,13,SI,MM,14/03/2019 3:00,TS, , , ,main,154,138,7,258
IDAI,37.15,-19.8,2019,3,14,0.25,2019063S18038,2019,13,SI,MM,14/03/2019 6:00,TS,100,950,reunion,main,138,118,8,259
IDAI,36.7501,-19.8687,2019,3,14,0.375,2019063S18038,2019,13,SI,MM,14/03/2019 9:00,TS, , , ,main,123,112,8,262
IDAI,36.35,-19.9,2019,3,14,0.5,2019063S18038,2019,13,SI,MM,14/03/2019 12:00,TS,90,955,reunion,main,112,84,7,271
IDAI,35.9749,-19.8591,2019,3,14,0.625,2019063S18038,2019,13,SI,MM,14/03/2019 15:00,TS, , , ,main,84,45,7,278
IDAI,35.6,-19.8,2019,3,14,0.75,2019063S18038,2019,13,SI,MM,14/03/2019 18:00,TS,82,955,reunion,main,45,15,7,276
IDAI,35.1963,-19.7863,2019,3,14,0.875,2019063S18038,2019,13,SI,MM,14/03/2019 21:00,TS, , , ,main,15,0,8,278
IDAI,34.8,-19.7,2019,3,15,0,2019063S18038,2019,13,SI,MM,15/03/2019 0:00,TS,85,960,reunion,main,0,0,7,289
IDAI,34.4661,-19.5461,2019,3,15,0.125,2019063S18038,2019,13,SI,MM,15/03/2019 3:00,TS, , , ,main,0,0,7,296
IDAI,34.15,-19.4,2019,3,15,0.25,2019063S18038,2019,13,SI,MM,15/03/2019 6:00,TS,50,980,reunion,main,0,0,7,288
IDAI,33.7926,-19.3388,2019,3,15,0.375,2019063S18038,2019,13,SI,MM,15/03/2019 9:00,TS, , , ,main,0,0,7,279
IDAI,33.45,-19.3,2019,3,15,0.5,2019063S18038,2019,13,SI,MM,15/03/2019 12:00,TS,35,994,reunion,main,0,0,6,281
IDAI,33.175,-19.2286,2019,3,15,0.625,2019063S18038,2019,13,SI,MM,15/03/2019 15:00,TS, , , ,main,0,0,5,286
IDAI,32.9,-19.15,2019,3,15,0.75,2019063S18038,2019,13,SI,MM,15/03/2019 18:00,TS,25, ,reunion,main,0,0,6,284
IDAI,32.5501,-19.0863,2019,3,15,0.875,2019063S18038,2019,13,SI,MM,15/03/2019 21:00,TS, , , ,main,0,0,7,283
IDAI,32.2143,-19,2019,3,16,0,2019063S18038,2019,13,SI,MM,16/03/2019 0:00,TS,20, ,reunion,main,0,0,6,292
IDAI,31.9474,-18.8575,2019,3,16,0.125,2019063S18038,2019,13,SI,MM,16/03/2019 3:00,TS, , , ,main,0,0,6,303
IDAI,31.725,-18.7,2019,3,16,0.25,2019063S18038,2019,13,SI,MM,16/03/2019 6:00,TS,20, ,reunion,main,0,0,4,309
IDAI,31.5925,-18.5875,2019,3,16,0.375,2019063S18038,2019,13,SI,MM,16/03/2019 9:00,TS, , , ,main,0,0,4,303
IDAI,31.4,-18.5,2019,3,16,0.5,2019063S18038,2019,13,SI,MM,16/03/2019 12:00,TS, , ,reunion,main,0, ,4,296
KENNETH,53,-9.6,2019,4,21,0.75,2019112S10053,2019,21,SI,MM,21/04/2019 18:00,TS,20,1008,reunion,main,489,470,6,286
KENNETH,52.69,-9.51131,2019,4,21,0.875,2019112S10053,2019,21,SI,MM,21/04/2019 21:00,TS, , , ,main,470,446,6,284
KENNETH,52.4,-9.45,2019,4,22,0,2019112S10053,2019,21,SI,MM,22/04/2019 0:00,TS,20,1008,reunion,main,453,438,5,277
KENNETH,52.1488,-9.44124,2019,4,22,0.125,2019112S10053,2019,21,SI,MM,22/04/2019 3:00,TS, , , ,main,430,414,4,264
KENNETH,51.95,-9.5,2019,4,22,0.25,2019112S10053,2019,21,SI,MM,22/04/2019 6:00,TS,20,1007,reunion,main,414,391,4,240
KENNETH,51.81,-9.63497,2019,4,22,0.375,2019112S10053,2019,21,SI,MM,22/04/2019 9:00,TS, , , ,main,391,367,4,219
KENNETH,51.7,-9.8,2019,4,22,0.5,2019112S10053,2019,21,SI,MM,22/04/2019 12:00,TS,20,1006,reunion,main,367,351,4,215
KENNETH,51.6012,-9.93245,2019,4,22,0.625,2019112S10053,2019,21,SI,MM,22/04/2019 15:00,TS, , , ,main,351,336,4,225
KENNETH,51.45,-10.05,2019,4,22,0.75,2019112S10053,2019,21,SI,MM,22/04/2019 18:00,TS,25,1004,reunion,main,336,297,5,239
KENNETH,51.2063,-10.1649,2019,4,22,0.875,2019112S10053,2019,21,SI,MM,22/04/2019 21:00,TS, , , ,main,297,275,6,251
KENNETH,50.85,-10.25,2019,4,23,0,2019112S10053,2019,21,SI,MM,23/04/2019 0:00,TS,25,1003,reunion,main,275,234,8,262
KENNETH,50.3649,-10.2751,2019,4,23,0.125,2019112S10053,2019,21,SI,MM,23/04/2019 3:00,TS, , , ,main,234,211,10,267
KENNETH,49.85,-10.3,2019,4,23,0.25,2019112S10053,2019,21,SI,MM,23/04/2019 6:00,TS,30,1001,reunion,main,211,191,9,262
KENNETH,49.4725,-10.396,2019,4,23,0.375,2019112S10053,2019,21,SI,MM,23/04/2019 9:00,TS, , , ,main,191,179,8,256
KENNETH,49.05,-10.5,2019,4,23,0.5,2019112S10053,2019,21,SI,MM,23/04/2019 12:00,TS,35,998,reunion,main,179,179,11,261
KENNETH,48.4113,-10.5615,2019,4,23,0.625,2019112S10053,2019,21,SI,MM,23/04/2019 15:00,TS, , , ,main,189,189,13,266
KENNETH,47.75,-10.6,2019,4,23,0.75,2019112S10053,2019,21,SI,MM,23/04/2019 18:00,TS,45,994,reunion,main,227,227,11,267
KENNETH,47.2599,-10.6135,2019,4,23,0.875,2019112S10053,2019,21,SI,MM,23/04/2019 21:00,TS, , , ,main,265,265,9,267
KENNETH,46.8,-10.65,2019,4,24,0,2019112S10053,2019,21,SI,MM,24/04/2019 0:00,TS,55,990,reunion,main,304,296,10,261
KENNETH,46.28,-10.7636,2019,4,24,0.125,2019112S10053,2019,21,SI,MM,24/04/2019 3:00,TS, , , ,main,332,332,11,257
KENNETH,45.7,-10.9,2019,4,24,0.25,2019112S10053,2019,21,SI,MM,24/04/2019 6:00,TS,60,986,reunion,main,382,382,13,258
KENNETH,45.0063,-11.0189,2019,4,24,0.375,2019112S10053,2019,21,SI,MM,24/04/2019 9:00,TS, , , ,main,436,415,13,261
KENNETH,44.35,-11.1,2019,4,24,0.5,2019112S10053,2019,21,SI,MM,24/04/2019 12:00,TS,70,978,reunion,main,415,360,11,266
KENNETH,43.8911,-11.0922,2019,4,24,0.625,2019112S10053,2019,21,SI,MM,24/04/2019 15:00,TS, , , ,main,360,316,8,270
KENNETH,43.5,-11.1,2019,4,24,0.75,2019112S10053,2019,21,SI,MM,24/04/2019 18:00,TS,85,965,reunion,main,316,273,8,261
KENNETH,43.0426,-11.2275,2019,4,24,0.875,2019112S10053,2019,21,SI,MM,24/04/2019 21:00,TS, , , ,main,263,222,9,251
KENNETH,42.6,-11.4,2019,4,25,0,2019112S10053,2019,21,SI,MM,25/04/2019 0:00,TS,105,950,reunion,main,222,183,9,248
KENNETH,42.2286,-11.5461,2019,4,25,0.125,2019112S10053,2019,21,SI,MM,25/04/2019 3:00,TS, , , ,main,183,145,8,248
KENNETH,41.85,-11.7,2019,4,25,0.25,2019112S10053,2019,21,SI,MM,25/04/2019 6:00,TS,115,934,reunion,main,145,87,9,248
KENNETH,41.3826,-11.8825,2019,4,25,0.375,2019112S10053,2019,21,SI,MM,25/04/2019 9:00,TS, , , ,main,87,32,10,249
KENNETH,40.9,-12.05,2019,4,25,0.5,2019112S10053,2019,21,SI,MM,25/04/2019 12:00,TS,110,940,reunion,main,32,0,10,253
KENNETH,40.4524,-12.1612,2019,4,25,0.625,2019112S10053,2019,21,SI,MM,25/04/2019 15:00,TS, , , ,main,0,0,9,256
KENNETH,40.05,-12.25,2019,4,25,0.75,2019112S10053,2019,21,SI,MM,25/04/2019 18:00,TS,85,975,reunion,main,0,0,8,256
KENNETH,39.6875,-12.3462,2019,4,25,0.875,2019112S10053,2019,21,SI,MM,25/04/2019 21:00,TS, , , ,main,0,0,7,253
KENNETH,39.4,-12.45,2019,4,26,0,2019112S10053,2019,21,SI,MM,26/04/2019 0:00,TS,35,996,reunion,main,0,0,5,247
KENNETH,39.1912,-12.5562,2019,4,26,0.125,2019112S10053,2019,21,SI,MM,26/04/2019 3:00,TS, , , ,main,0,0,4,234
KENNETH,39.05,-12.7,2019,4,26,0.25,2019112S10053,2019,21,SI,MM,26/04/2019 6:00,TS,25,1002,reunion,main,0,0,4,216
KENNETH,38.9313,-12.91,2019,4,26,0.375,2019112S10053,2019,21,SI,MM,26/04/2019 9:00,TS, , , ,main,0,0,5,203
KENNETH,38.85,-13.15,2019,4,26,0.5,2019112S10053,2019,21,SI,MM,26/04/2019 12:00,TS,25,1004,reunion,main,0,0,5,198
KENNETH,38.7812,-13.3675,2019,4,26,0.625,2019112S10053,2019,21,SI,MM,26/04/2019 15:00,TS, , , ,main,0,0,5,193
KENNETH,38.7429,-13.6143,2019,4,26,0.75,2019112S10053,2019,21,SI,MM,26/04/2019 18:00,TS,20, ,reunion,main,0,0,5,181
KENNETH,38.7541,-13.8833,2019,4,26,0.875,2019112S10053,2019,21,SI,MM,26/04/2019 21:00,TS, , , ,main,0,0,5,174
KENNETH,38.8,-14.12,2019,4,27,0,2019112S10053,2019,21,SI,MM,27/04/2019 0:00,NR,20, ,reunion,main,0,0,4,167
KENNETH,38.8425,-14.2725,2019,4,27,0.125,2019112S10053,2019,21,SI,MM,27/04/2019 3:00,NR, , , ,main,0,0,3,161
KENNETH,38.9,-14.4,2019,4,27,0.25,2019112S10053,2019,21,SI,MM,27/04/2019 6:00,NR,20, ,reunion,main,0,0,3,146
KENNETH,38.9925,-14.4875,2019,4,27,0.375,2019112S10053,2019,21,SI,MM,27/04/2019 9:00,NR, , , ,main,0,0,2,117
KENNETH,39.1,-14.5,2019,4,27,0.5,2019112S10053,2019,21,SI,MM,27/04/2019 12:00,NR,20, ,reunion,main,0,0,2,77
KENNETH,39.2075,-14.4375,2019,4,27,0.625,2019112S10053,2019,21,SI,MM,27/04/2019 15:00,NR, , , ,main,0,0,3,44
KENNETH,39.3,-14.3,2019,4,27,0.75,2019112S10053,2019,21,SI,MM,27/04/2019 18:00,NR,20, ,reunion,main,0,0,4,23
KENNETH,39.35,-14.115,2019,4,27,0.875,2019112S10053,2019,21,SI,MM,27/04/2019 21:00,NR, , , ,main,0,0,4,13
KENNETH,39.4,-13.9,2019,4,28,0,2019112S10053,2019,21,SI,MM,28/04/2019 0:00,NR,20, ,reunion,main,0,0,4,18
KENNETH,39.4876,-13.695,2019,4,28,0.125,2019112S10053,2019,21,SI,MM,28/04/2019 3:00,NR, , , ,main,0,0,4,26
KENNETH,39.6,-13.5,2019,4,28,0.25,2019112S10053,2019,21,SI,MM,28/04/2019 6:00,TS, , ,reunion,main,0, ,4,29
ETA,-72.4,14.9,2020,10,31,0.75,2020306N15288,2020,101,NA,CS,31/10/2020 18:00,TS,30,1006,hurdat_atl,main,289,289,11,270
ETA,-72.9725,14.9002,2020,10,31,0.875,2020306N15288,2020,101,NA,CS,31/10/2020 21:00,TS, , , ,main,310,310,12,270
ETA,-73.6,14.9,2020,11,1,0,2020306N15288,2020,101,NA,CS,1/11/2020 0:00,TS,35,1005,hurdat_atl,main,338,338,13,270
ETA,-74.32,14.8999,2020,11,1,0.125,2020306N15288,2020,101,NA,CS,1/11/2020 3:00,TS, , , ,main,349,349,15,270
ETA,-75.1,14.9,2020,11,1,0.25,2020306N15288,2020,101,NA,CS,1/11/2020 6:00,TS,35,1005,hurdat_atl,main,355,337,15,270
ETA,-75.9,14.8999,2020,11,1,0.375,2020306N15288,2020,101,NA,CS,1/11/2020 9:00,TS, , , ,main,337,317,15,270
ETA,-76.7,14.9,2020,11,1,0.5,2020306N15288,2020,101,NA,CS,1/11/2020 12:00,TS,40,1002,hurdat_atl,main,317,313,15,270
ETA,-77.48,14.8999,2020,11,1,0.625,2020306N15288,2020,101,NA,CS,1/11/2020 15:00,TS, , , ,main,315,315,15,270
ETA,-78.2,14.9,2020,11,1,0.75,2020306N15288,2020,101,NA,CS,1/11/2020 18:00,TS,50,992,hurdat_atl,main,331,331,13,270
ETA,-78.8375,14.8998,2020,11,1,0.875,2020306N15288,2020,101,NA,CS,1/11/2020 21:00,TS, , , ,main,355,355,12,270
ETA,-79.4,14.9,2020,11,2,0,2020306N15288,2020,101,NA,CS,2/11/2020 0:00,TS,60,988,hurdat_atl,main,381,344,11,270
ETA,-79.9299,14.9074,2020,11,2,0.125,2020306N15288,2020,101,NA,CS,2/11/2020 3:00,TS, , , ,main,344,290,10,270
ETA,-80.4,14.9,2020,11,2,0.25,2020306N15288,2020,101,NA,CS,2/11/2020 6:00,TS,70,982,hurdat_atl,main,290,247,9,267
ETA,-80.815,14.8573,2020,11,2,0.375,2020306N15288,2020,101,NA,CS,2/11/2020 9:00,TS, , , ,main,247,205,8,263
ETA,-81.2,14.8,2020,11,2,0.5,2020306N15288,2020,101,NA,CS,2/11/2020 12:00,TS,90,972,hurdat_atl,main,205,162,8,264
ETA,-81.6224,14.7725,2020,11,2,0.625,2020306N15288,2020,101,NA,CS,2/11/2020 15:00,TS, , , ,main,162,122,8,263
ETA,-82,14.7,2020,11,2,0.75,2020306N15288,2020,101,NA,CS,2/11/2020 18:00,TS,115,948,hurdat_atl,main,122,99,7,248
ETA,-82.28,14.5149,2020,11,2,0.875,2020306N15288,2020,101,NA,CS,2/11/2020 21:00,TS, , , ,main,99,75,6,230
ETA,-82.5,14.3,2020,11,3,0,2020306N15288,2020,101,NA,CS,3/11/2020 0:00,TS,130,929,hurdat_atl,main,75,55,6,230
ETA,-82.7225,14.15,2020,11,3,0.125,2020306N15288,2020,101,NA,CS,3/11/2020 3:00,TS, , , ,main,55,46,5,232
ETA,-82.9,14,2020,11,3,0.25,2020306N15288,2020,101,NA,CS,3/11/2020 6:00,TS,130,922,hurdat_atl,main,46,44,5,217
ETA,-83.015,13.77,2020,11,3,0.375,2020306N15288,2020,101,NA,CS,3/11/2020 9:00,TS, , , ,main,48,43,4,206
ETA,-83.1,13.6,2020,11,3,0.5,2020306N15288,2020,101,NA,CS,3/11/2020 12:00,TS,125,936,hurdat_atl,main,43,32,2,224
ETA,-83.1795,13.6057,2020,11,3,0.625,2020306N15288,2020,101,NA,CS,3/11/2020 15:00,TS, , , ,main,32,21,2,297
ETA,-83.3,13.7,2020,11,3,0.75,2020306N15288,2020,101,NA,CS,3/11/2020 18:00,TS,120,940,hurdat_atl,main,21,0,4,302
ETA,-83.5,13.8,2020,11,3,0.875,2020306N15288,2020,101,NA,CS,3/11/2020 21:00,TS,120,940,hurdat_atl,main,0,0,4,284
ETA,-83.7,13.8,2020,11,4,0,2020306N15288,2020,101,NA,NA,4/11/2020 0:00,TS,95,965,hurdat_atl,main,0,0,5,270
ETA,-83.9795,13.8,2020,11,4,0.125,2020306N15288,2020,101,NA,NA,4/11/2020 3:00,TS, , , ,main,0,0,6,270
ETA,-84.3,13.8,2020,11,4,0.25,2020306N15288,2020,101,NA,NA,4/11/2020 6:00,TS,70,980,hurdat_atl,main,0,0,6,269
ETA,-84.6075,13.7925,2020,11,4,0.375,2020306N15288,2020,101,NA,NA,4/11/2020 9:00,TS, , , ,main,0,0,6,270
ETA,-84.9,13.8,2020,11,4,0.5,2020306N15288,2020,101,NA,NA,4/11/2020 12:00,TS,50,993,hurdat_atl,main,0,0,5,275
ETA,-85.15,13.8424,2020,11,4,0.625,2020306N15288,2020,101,NA,NA,4/11/2020 15:00,TS, , , ,main,0,0,5,282
ETA,-85.4,13.9,2020,11,4,0.75,2020306N15288,2020,101,NA,NA,4/11/2020 18:00,TS,40,998,hurdat_atl,main,0,0,5,281
ETA,-85.6851,13.9425,2020,11,4,0.875,2020306N15288,2020,101,NA,NA,4/11/2020 21:00,TS, , , ,main,0,0,6,280
ETA,-86,14,2020,11,5,0,2020306N15288,2020,101,NA,NA,5/11/2020 0:00,TS,30,1002,hurdat_atl,main,0,0,6,283
ETA,-86.335,14.0849,2020,11,5,0.125,2020306N15288,2020,101,NA,NA,5/11/2020 3:00,TS, , , ,main,0,0,7,286
ETA,-86.7,14.2,2020,11,5,0.25,2020306N15288,2020,101,NA,NA,5/11/2020 6:00,NR,25,1006,hurdat_atl,main,0,0,8,286
ETA,-87.13,14.3051,2020,11,5,0.375,2020306N15288,2020,101,NA,NA,5/11/2020 9:00,NR, , , ,main,0,0,8,291
ETA,-87.5,14.5,2020,11,5,0.5,2020306N15288,2020,101,NA,NA,5/11/2020 12:00,NR,25,1005,hurdat_atl,main,0,0,8,314
ETA,-87.71,14.8549,2020,11,5,0.625,2020306N15288,2020,101,NA,NA,5/11/2020 15:00,NR, , , ,main,0,0,9,340
ETA,-87.8,15.3,2020,11,5,0.75,2020306N15288,2020,101,NA,NA,5/11/2020 18:00,NR,30,1005,hurdat_atl,main,0,0,9,352
ETA,-87.8376,15.7725,2020,11,5,0.875,2020306N15288,2020,101,NA,NA,5/11/2020 21:00,NR, , , ,main,0,0,9,0
ETA,-87.8,16.2,2020,11,6,0,2020306N15288,2020,101,NA,CS,6/11/2020 0:00,NR,30,1004,hurdat_atl,main,44,44,7,9
ETA,-87.7151,16.5025,2020,11,6,0.125,2020306N15288,2020,101,NA,CS,6/11/2020 3:00,NR, , , ,main,72,67,5,21
ETA,-87.6,16.7,2020,11,6,0.25,2020306N15288,2020,101,NA,CS,6/11/2020 6:00,TS,30,1004,hurdat_atl,main,72,67,4,32
ETA,-87.5074,16.8225,2020,11,6,0.375,2020306N15288,2020,101,NA,CS,6/11/2020 9:00,TS, , , ,main,77,75,3,44
ETA,-87.4,16.9,2020,11,6,0.5,2020306N15288,2020,101,NA,CS,6/11/2020 12:00,TS,30,1004,hurdat_atl,main,85,85,3,52
ETA,-87.2874,16.9849,2020,11,6,0.625,2020306N15288,2020,101,NA,CS,6/11/2020 15:00,TS, , , ,main,95,95,4,55
ETA,-87.1,17.1,2020,11,6,0.75,2020306N15288,2020,101,NA,CS,6/11/2020 18:00,TS,30,1004,hurdat_atl,main,117,117,5,58
ETA,-86.8247,17.2623,2020,11,6,0.875,2020306N15288,2020,101,NA,CS,6/11/2020 21:00,TS, , , ,main,146,146,8,59
ETA,-86.4,17.5,2020,11,7,0,2020306N15288,2020,101,NA,CS,7/11/2020 0:00,TS,30,1002,hurdat_atl,main,167,167,11,60
ETA,-85.8396,17.8121,2020,11,7,0.125,2020306N15288,2020,101,NA,CS,7/11/2020 3:00,TS, , , ,main,212,212,14,61
ETA,-85.1,18.2,2020,11,7,0.25,2020306N15288,2020,101,NA,CS,7/11/2020 6:00,TS,35,1001,hurdat_atl,main,257,257,18,62
ETA,-84.1804,18.6504,2020,11,7,0.375,2020306N15288,2020,101,NA,CS,7/11/2020 9:00,TS, , , ,main,317,262,20,63
ETA,-83.2,19.1,2020,11,7,0.5,2020306N15288,2020,101,NA,CS,7/11/2020 12:00,TS,45,997,hurdat_atl,main,260,216,20,65
ETA,-82.3046,19.4723,2020,11,7,0.625,2020306N15288,2020,101,NA,CS,7/11/2020 15:00,TS, , , ,main,218,214,18,66
ETA,-81.5,19.8,2020,11,7,0.75,2020306N15288,2020,101,NA,CS,7/11/2020 18:00,TS,55,994,hurdat_atl,main,224,197,16,66
ETA,-80.7747,20.0998,2020,11,7,0.875,2020306N15288,2020,101,NA,CS,7/11/2020 21:00,TS, , , ,main,197,146,14,64
ETA,-80.2,20.4,2020,11,8,0,2020306N15288,2020,101,NA,CS,8/11/2020 0:00,TS,55,991,hurdat_atl,main,146,105,11,55
ETA,-79.8004,20.7302,2020,11,8,0.125,2020306N15288,2020,101,NA,CS,8/11/2020 3:00,TS, , , ,main,105,54,10,43
ETA,-79.5,21.1,2020,11,8,0.25,2020306N15288,2020,101,NA,CS,8/11/2020 6:00,TS,55,991,hurdat_atl,main,54,0,10,36
ETA,-79.2,21.5,2020,11,8,0.371527778,2020306N15288,2020,101,NA,CS,8/11/2020 8:55,TS,55,991,hurdat_atl,main,0,567,10,34
ETA,-79.1924,21.5155,2020,11,8,0.375,2020306N15288,2020,101,NA,CS,8/11/2020 9:00,TS, , , ,main,0,0,14,15
ETA,-79,22.2,2020,11,8,0.5,2020306N15288,2020,101,NA,NA,8/11/2020 12:00,TS,50,993,hurdat_atl,main,0,0,14,8
ETA,-78.9925,22.8766,2020,11,8,0.625,2020306N15288,2020,101,NA,NA,8/11/2020 15:00,TS, , , ,main,61,61,13,352
ETA,-79.2,23.5,2020,11,8,0.75,2020306N15288,2020,101,NA,NA,8/11/2020 18:00,TS,55,993,hurdat_atl,main,98,98,13,335
ETA,-79.5999,24.058,2020,11,8,0.875,2020306N15288,2020,101,NA,NA,8/11/2020 21:00,TS, , , ,main,124,73,13,321
ETA,-80.1,24.5,2020,11,9,0,2020306N15288,2020,101,NA,NA,9/11/2020 0:00,TS,55,993,hurdat_atl,main,73,33,11,314
ETA,-80.4698,24.8268,2020,11,9,0.125,2020306N15288,2020,101,NA,NA,9/11/2020 3:00,TS, , , ,main,35,22,10,306
ETA,-80.7,24.9,2020,11,9,0.166666667,2020306N15288,2020,101,NA,NA,9/11/2020 4:00,TS,55,993,hurdat_atl,main,22,11,17,282
ETA,-81.4,25,2020,11,9,0.25,2020306N15288,2020,101,NA,GM,9/11/2020 6:00,TS,55,992,hurdat_atl,main,30,30,17,276
ETA,-82.2391,25.0347,2020,11,9,0.375,2020306N15288,2020,101,NA,GM,9/11/2020 9:00,TS, , , ,main,103,103,14,266
ETA,-82.9,24.9,2020,11,9,0.5,2020306N15288,2020,101,NA,GM,9/11/2020 12:00,TS,50,992,hurdat_atl,main,164,164,13,250
ETA,-83.5453,24.6022,2020,11,9,0.625,2020306N15288,2020,101,NA,GM,9/11/2020 15:00,TS, , , ,main,190,157,13,237
ETA,-84.1,24.2,2020,11,9,0.75,2020306N15288,2020,101,NA,GM,9/11/2020 18:00,TS,45,995,hurdat_atl,main,161,133,13,230
ETA,-84.6101,23.7774,2020,11,9,0.875,2020306N15288,2020,101,NA,GM,9/11/2020 21:00,TS, , , ,main,137,128,12,226
ETA,-85,23.4,2020,11,10,0,2020306N15288,2020,101,NA,GM,10/11/2020 0:00,TS,45,995,hurdat_atl,main,128,128,9,225
ETA,-85.2747,23.1698,2020,11,10,0.125,2020306N15288,2020,101,NA,GM,10/11/2020 3:00,TS, , , ,main,136,128,5,222
ETA,-85.4,23,2020,11,10,0.25,2020306N15288,2020,101,NA,GM,10/11/2020 6:00,TS,45,995,hurdat_atl,main,129,108,4,195
ETA,-85.3948,22.7475,2020,11,10,0.375,2020306N15288,2020,101,NA,GM,10/11/2020 9:00,TS, , , ,main,98,84,4,168
ETA,-85.3,22.6,2020,11,10,0.5,2020306N15288,2020,101,NA,GM,10/11/2020 12:00,TS,50,992,hurdat_atl,main,84,80,2,116
ETA,-85.2299,22.6749,2020,11,10,0.625,2020306N15288,2020,101,NA,GM,10/11/2020 15:00,TS, , , ,main,91,91,4,31
ETA,-85.1,22.9,2020,11,10,0.75,2020306N15288,2020,101,NA,GM,10/11/2020 18:00,TS,50,992,hurdat_atl,main,98,98,6,35
ETA,-84.865,23.1476,2020,11,10,0.875,2020306N15288,2020,101,NA,GM,10/11/2020 21:00,TS, , , ,main,98,98,8,37
ETA,-84.6,23.5,2020,11,11,0,2020306N15288,2020,101,NA,GM,11/11/2020 0:00,TS,55,990,hurdat_atl,main,108,108,9,29
ETA,-84.3849,23.9475,2020,11,11,0.125,2020306N15288,2020,101,NA,GM,11/11/2020 3:00,TS, , , ,main,140,140,11,20
ETA,-84.2,24.5,2020,11,11,0.25,2020306N15288,2020,101,NA,GM,11/11/2020 6:00,TS,60,987,hurdat_atl,main,196,196,13,15
ETA,-84.035,25.15,2020,11,11,0.375,2020306N15288,2020,101,NA,GM,11/11/2020 9:00,TS, , , ,main,247,194,13,12
ETA,-83.9,25.8,2020,11,11,0.5,2020306N15288,2020,101,NA,GM,11/11/2020 12:00,TS,65,983,hurdat_atl,main,194,159,12,11
ETA,-83.7922,26.315,2020,11,11,0.625,2020306N15288,2020,101,NA,GM,11/11/2020 15:00,TS, , , ,main,159,122,10,10
ETA,-83.7,26.8,2020,11,11,0.75,2020306N15288,2020,101,NA,GM,11/11/2020 18:00,TS,60,990,hurdat_atl,main,122,96,11,9
ETA,-83.6074,27.365,2020,11,11,0.875,2020306N15288,2020,101,NA,GM,11/11/2020 21:00,TS, , , ,main,88,58,11,9
ETA,-83.5,27.9,2020,11,12,0,2020306N15288,2020,101,NA,GM,12/11/2020 0:00,TS,55,992,hurdat_atl,main,58,53,10,12
ETA,-83.3802,28.3108,2020,11,12,0.125,2020306N15288,2020,101,NA,GM,12/11/2020 3:00,TS, , , ,main,62,51,8,18
ETA,-83.2,28.7,2020,11,12,0.25,2020306N15288,2020,101,NA,GM,12/11/2020 6:00,TS,50,994,hurdat_atl,main,51,11,9,25
ETA,-82.9402,29.1438,2020,11,12,0.375,2020306N15288,2020,101,NA,GM,12/11/2020 9:00,TS, , , ,main,9,0,10,28
ETA,-82.9,29.2,2020,11,12,0.388888889,2020306N15288,2020,101,NA,GM,12/11/2020 9:20,TS,45,996,hurdat_atl,main,0,0,14,35
ETA,-82.5,29.7,2020,11,12,0.5,2020306N15288,2020,101,NA,NA,12/11/2020 12:00,TS,40,1001,hurdat_atl,main,0,0,15,37
ETA,-81.9453,30.3053,2020,11,12,0.625,2020306N15288,2020,101,NA,NA,12/11/2020 15:00,TS, , , ,main,0,0,16,41
ETA,-81.3,30.9,2020,11,12,0.75,2020306N15288,2020,101,NA,NA,12/11/2020 18:00,TS,35,1003,hurdat_atl,main,9,9,16,45
ETA,-80.6515,31.4292,2020,11,12,0.875,2020306N15288,2020,101,NA,NA,12/11/2020 21:00,TS, , , ,main,52,50,16,50
ETA,-79.9,31.9,2020,11,13,0,2020306N15288,2020,101,NA,NA,13/11/2020 0:00,TS,40,1004,hurdat_atl,main,76,67,16,58
ETA,-79.0443,32.276,2020,11,13,0.125,2020306N15288,2020,101,NA,NA,13/11/2020 3:00,TS, , , ,main,86,86,18,64
ETA,-78,32.7,2020,11,13,0.25,2020306N15288,2020,101,NA,NA,13/11/2020 6:00,TS,40,1004,hurdat_atl,main,124,110,22,62
ETA,-76.7186,33.3276,2020,11,13,0.375,2020306N15288,2020,101,NA,NA,13/11/2020 9:00,TS, , , ,main,137,119,26,60
ETA,-75.3,34,2020,11,13,0.5,2020306N15288,2020,101,NA,NA,13/11/2020 12:00,ET,40,1004,hurdat_atl,main,134,134,26,61
ETA,-73.9439,34.5998,2020,11,13,0.625,2020306N15288,2020,101,NA,NA,13/11/2020 15:00,ET, , , ,main,197,196,26,64
ETA,-72.5,35.1,2020,11,13,0.75,2020306N15288,2020,101,NA,NA,13/11/2020 18:00,ET,40,1005,hurdat_atl,main,282,282,26,71
ETA,-70.899,35.4506,2020,11,13,0.875,2020306N15288,2020,101,NA,NA,13/11/2020 21:00,ET, , , ,main,415,415,28,77
ETA,-69.2,35.7,2020,11,14,0,2020306N15288,2020,101,NA,NA,14/11/2020 0:00,ET,35,1006,hurdat_atl,main,567, ,28,80
IOTA,-70.9,15.5,2020,11,12,0.5,2020318N16289,2020,106,NA,CS,12/11/2020 12:00,DS,25,1009,hurdat_atl,main,240,235,10,260
IOTA,-71.4151,15.4103,2020,11,12,0.625,2020318N16289,2020,106,NA,CS,12/11/2020 15:00,DS, , , ,main,246,246,10,258
IOTA,-71.9,15.3,2020,11,12,0.75,2020318N16289,2020,106,NA,CS,12/11/2020 18:00,DS,25,1009,hurdat_atl,main,262,262,9,254
IOTA,-72.33,15.1574,2020,11,12,0.875,2020318N16289,2020,106,NA,CS,12/11/2020 21:00,DS, , , ,main,285,285,8,249
IOTA,-72.7,15,2020,11,13,0,2020318N16289,2020,106,NA,CS,13/11/2020 0:00,DS,25,1008,hurdat_atl,main,310,303,7,246
IOTA,-73.03,14.8499,2020,11,13,0.125,2020318N16289,2020,106,NA,CS,13/11/2020 3:00,DS, , , ,main,300,298,7,243
IOTA,-73.3,14.7,2020,11,13,0.25,2020318N16289,2020,106,NA,CS,13/11/2020 6:00,DS,25,1007,hurdat_atl,main,303,298,6,238
IOTA,-73.5149,14.5574,2020,11,13,0.375,2020318N16289,2020,106,NA,CS,13/11/2020 9:00,DS, , , ,main,303,289,5,232
IOTA,-73.7,14.4,2020,11,13,0.5,2020318N16289,2020,106,NA,CS,13/11/2020 12:00,TS,30,1006,hurdat_atl,main,295,289,5,227
IOTA,-73.9,14.2075,2020,11,13,0.625,2020318N16289,2020,106,NA,CS,13/11/2020 15:00,TS, , , ,main,289,288,6,224
IOTA,-74.1,14,2020,11,13,0.75,2020318N16289,2020,106,NA,CS,13/11/2020 18:00,TS,35,1005,hurdat_atl,main,288,279,6,223
IOTA,-74.2925,13.7925,2020,11,13,0.875,2020318N16289,2020,106,NA,CS,13/11/2020 21:00,TS, , , ,main,285,269,6,224
IOTA,-74.5,13.6,2020,11,14,0,2020318N16289,2020,106,NA,CS,14/11/2020 0:00,TS,35,1005,hurdat_atl,main,270,261,5,231
IOTA,-74.7274,13.4499,2020,11,14,0.125,2020318N16289,2020,106,NA,CS,14/11/2020 3:00,TS, , , ,main,252,247,6,238
IOTA,-75,13.3,2020,11,14,0.25,2020318N16289,2020,106,NA,CS,14/11/2020 6:00,TS,35,1004,hurdat_atl,main,250,239,7,240
IOTA,-75.335,13.1075,2020,11,14,0.375,2020318N16289,2020,106,NA,CS,14/11/2020 9:00,TS, , , ,main,239,226,8,240
IOTA,-75.7,12.9,2020,11,14,0.5,2020318N16289,2020,106,NA,CS,14/11/2020 12:00,TS,40,1002,hurdat_atl,main,229,224,9,238
IOTA,-76.0801,12.6625,2020,11,14,0.625,2020318N16289,2020,106,NA,CS,14/11/2020 15:00,TS, , , ,main,229,219,8,240
IOTA,-76.4,12.5,2020,11,14,0.75,2020318N16289,2020,106,NA,CS,14/11/2020 18:00,TS,45,997,hurdat_atl,main,224,224,5,250
IOTA,-76.5724,12.4899,2020,11,14,0.875,2020318N16289,2020,106,NA,CS,14/11/2020 21:00,TS, , , ,main,237,237,3,289
IOTA,-76.7,12.6,2020,11,15,0,2020318N16289,2020,106,NA,CS,15/11/2020 0:00,TS,55,992,hurdat_atl,main,252,252,4,318
IOTA,-76.855,12.7999,2020,11,15,0.125,2020318N16289,2020,106,NA,CS,15/11/2020 3:00,TS, , , ,main,283,283,6,316
IOTA,-77.1,13,2020,11,15,0.25,2020318N16289,2020,106,NA,CS,15/11/2020 6:00,TS,65,988,hurdat_atl,main,314,314,7,293
IOTA,-77.5126,13.0726,2020,11,15,0.375,2020318N16289,2020,106,NA,CS,15/11/2020 9:00,TS, , , ,main,351,351,9,277
IOTA,-78,13.1,2020,11,15,0.5,2020318N16289,2020,106,NA,CS,15/11/2020 12:00,TS,70,982,hurdat_atl,main,390,390,9,275
IOTA,-78.45,13.1574,2020,11,15,0.625,2020318N16289,2020,106,NA,CS,15/11/2020 15:00,TS, , , ,main,421,414,9,277
IOTA,-78.9,13.2,2020,11,15,0.75,2020318N16289,2020,106,NA,CS,15/11/2020 18:00,TS,75,974,hurdat_atl,main,414,414,9,272
IOTA,-79.3501,13.1924,2020,11,15,0.875,2020318N16289,2020,106,NA,CS,15/11/2020 21:00,TS, , , ,main,414,387,9,270
IOTA,-79.8,13.2,2020,11,16,0,2020318N16289,2020,106,NA,CS,16/11/2020 0:00,TS,90,961,hurdat_atl,main,387,342,9,276
IOTA,-80.2574,13.2925,2020,11,16,0.125,2020318N16289,2020,106,NA,CS,16/11/2020 3:00,TS, , , ,main,332,288,9,283
IOTA,-80.7,13.4,2020,11,16,0.25,2020318N16289,2020,106,NA,CS,16/11/2020 6:00,TS,120,935,hurdat_atl,main,288,243,8,282
IOTA,-81.1075,13.4649,2020,11,16,0.375,2020318N16289,2020,106,NA,CS,16/11/2020 9:00,TS, , , ,main,243,204,8,277
IOTA,-81.5,13.5,2020,11,16,0.5,2020318N16289,2020,106,NA,CS,16/11/2020 12:00,TS,135,917,hurdat_atl,main,204,166,8,273
IOTA,-81.9076,13.5,2020,11,16,0.625,2020318N16289,2020,106,NA,CS,16/11/2020 15:00,TS, , , ,main,166,129,8,270
IOTA,-82.3,13.5,2020,11,16,0.75,2020318N16289,2020,106,NA,CS,16/11/2020 18:00,TS,130,918,hurdat_atl,main,129,97,7,274
IOTA,-82.6458,13.5523,2020,11,16,0.875,2020318N16289,2020,106,NA,CS,16/11/2020 21:00,TS, , , ,main,97,54,7,278
IOTA,-83,13.6,2020,11,17,0,2020318N16289,2020,106,NA,CS,17/11/2020 0:00,TS,130,918,hurdat_atl,main,54,10,7,273
IOTA,-83.41,13.5891,2020,11,17,0.125,2020318N16289,2020,106,NA,CS,17/11/2020 3:00,TS, , , ,main,10,0,8,270
IOTA,-83.5,13.6,2020,11,17,0.152777778,2020318N16289,2020,106,NA,CS,17/11/2020 3:40,TS,125,922,hurdat_atl,main,0,0,8,286
IOTA,-83.8,13.7,2020,11,17,0.25,2020318N16289,2020,106,NA,NA,17/11/2020 6:00,TS,110,935,hurdat_atl,main,0,0,8,280
IOTA,-84.2292,13.7286,2020,11,17,0.375,2020318N16289,2020,106,NA,NA,17/11/2020 9:00,TS, , , ,main,0,0,9,270
IOTA,-84.7,13.7,2020,11,17,0.5,2020318N16289,2020,106,NA,NA,17/11/2020 12:00,TS,75,965,hurdat_atl,main,0,0,9,268
IOTA,-85.1925,13.6924,2020,11,17,0.625,2020318N16289,2020,106,NA,NA,17/11/2020 15:00,TS, , , ,main,0,0,10,270
IOTA,-85.7,13.7,2020,11,17,0.75,2020318N16289,2020,106,NA,NA,17/11/2020 18:00,TS,55,988,hurdat_atl,main,0,0,10,273
IOTA,-86.1924,13.7499,2020,11,17,0.875,2020318N16289,2020,106,NA,NA,17/11/2020 21:00,TS, , , ,main,0,0,10,276
IOTA,-86.7,13.8,2020,11,18,0,2020318N16289,2020,106,NA,NA,18/11/2020 0:00,TS,40,1000,hurdat_atl,main,0,0,10,274
IOTA,-87.235,13.8149,2020,11,18,0.125,2020318N16289,2020,106,NA,NA,18/11/2020 3:00,TS, , , ,main,0,0,11,270
IOTA,-87.8,13.8,2020,11,18,0.25,2020318N16289,2020,106,NA,NA,18/11/2020 6:00,TS,35,1005,hurdat_atl,main,0,0,11,267
IOTA,-88.3926,13.7578,2020,11,18,0.375,2020318N16289,2020,106,NA,NA,18/11/2020 9:00,TS, , , ,main,0,0,12,265
IOTA,-89,13.7,2020,11,18,0.5,2020318N16289,2020,106,NA,NA,18/11/2020 12:00,TS,25,1006,hurdat_atl,main,0, ,12,264
SEROJA,123.2,-10.4,2021,4,4,0.5,2021095S10123,2021,20,SI,WA,4/04/2021 12:00,TS, , , ,PROVISIONAL,32,32,3,257
SEROJA,123.07,-10.4275,2021,4,4,0.625,2021095S10123,2021,20,SI,WA,4/04/2021 15:00,TS, , , ,PROVISIONAL,43,43,3,251
SEROJA,122.9,-10.5,2021,4,4,0.75,2021095S10123,2021,20,SI,WA,4/04/2021 18:00,TS, , , ,PROVISIONAL,66,66,5,242
SEROJA,122.665,-10.6425,2021,4,4,0.875,2021095S10123,2021,20,SI,WA,4/04/2021 21:00,TS, , , ,PROVISIONAL,90,90,6,239
SEROJA,122.4,-10.8,2021,4,5,0,2021095S10123,2021,20,SI,WA,5/04/2021 0:00,TS, , , ,PROVISIONAL,128,128,6,242
SEROJA,122.15,-10.915,2021,4,5,0.125,2021095S10123,2021,20,SI,WA,5/04/2021 3:00,TS, , , ,PROVISIONAL,152,158,5,248
SEROJA,121.9,-11,2021,4,5,0.25,2021095S10123,2021,20,SI,WA,5/04/2021 6:00,TS, , , ,PROVISIONAL,158,141,5,254
SEROJA,121.672,-11.0499,2021,4,5,0.375,2021095S10123,2021,20,SI,WA,5/04/2021 9:00,TS, , , ,PROVISIONAL,141,126,5,258
SEROJA,121.4,-11.1,2021,4,5,0.5,2021095S10123,2021,20,SI,WA,5/04/2021 12:00,TS, , , ,PROVISIONAL,126,114,7,257
SEROJA,121.008,-11.2001,2021,4,5,0.625,2021095S10123,2021,20,SI,WA,5/04/2021 15:00,TS, , , ,PROVISIONAL,114,106,8,256
SEROJA,120.6,-11.3,2021,4,5,0.75,2021095S10123,2021,20,SI,WA,5/04/2021 18:00,TS, , , ,PROVISIONAL,112,112,7,258
SEROJA,120.262,-11.35,2021,4,5,0.875,2021095S10123,2021,20,SI,WA,5/04/2021 21:00,TS, , , ,PROVISIONAL,114,114,6,260
SEROJA,120,-11.4,2021,4,6,0,2021095S10123,2021,20,SI,WA,6/04/2021 0:00,TS, , , ,PROVISIONAL,134,134,4,252
SEROJA,119.835,-11.4849,2021,4,6,0.125,2021095S10123,2021,20,SI,WA,6/04/2021 3:00,TS, , , ,PROVISIONAL,152,152,4,236
SEROJA,119.7,-11.6,2021,4,6,0.25,2021095S10123,2021,20,SI,WA,6/04/2021 6:00,TS, , , ,PROVISIONAL,166,166,4,234
SEROJA,119.507,-11.72,2021,4,6,0.375,2021095S10123,2021,20,SI,WA,6/04/2021 9:00,TS, , , ,PROVISIONAL,184,184,5,232
SEROJA,119.3,-11.9,2021,4,6,0.5,2021095S10123,2021,20,SI,WA,6/04/2021 12:00,TS, , , ,PROVISIONAL,214,214,6,219
SEROJA,119.137,-12.1624,2021,4,6,0.625,2021095S10123,2021,20,SI,WA,6/04/2021 15:00,TS, , , ,PROVISIONAL,254,254,7,213
SEROJA,118.9,-12.5,2021,4,6,0.75,2021095S10123,2021,20,SI,WA,6/04/2021 18:00,TS, , , ,PROVISIONAL,294,294,9,221
SEROJA,118.51,-12.8775,2021,4,6,0.875,2021095S10123,2021,20,SI,WA,6/04/2021 21:00,TS, , , ,PROVISIONAL,354,354,12,228
SEROJA,118,-13.3,2021,4,7,0,2021095S10123,2021,20,SI,WA,7/04/2021 0:00,TS, , , ,PROVISIONAL,420,420,14,231
SEROJA,117.422,-13.7425,2021,4,7,0.125,2021095S10123,2021,20,SI,WA,7/04/2021 3:00,TS, , , ,PROVISIONAL,484,484,15,232
SEROJA,116.8,-14.2,2021,4,7,0.25,2021095S10123,2021,20,SI,WA,7/04/2021 6:00,TS, , , ,PROVISIONAL,562,562,15,231
SEROJA,116.23,-14.6646,2021,4,7,0.375,2021095S10123,2021,20,SI,WA,7/04/2021 9:00,TS, , , ,PROVISIONAL,633,624,15,232
SEROJA,115.6,-15.1,2021,4,7,0.5,2021095S10123,2021,20,SI,WA,7/04/2021 12:00,TS, , , ,PROVISIONAL,626,601,16,239
SEROJA,114.822,-15.4801,2021,4,7,0.625,2021095S10123,2021,20,SI,WA,7/04/2021 15:00,TS, , , ,PROVISIONAL,604,599,17,246
SEROJA,114,-15.8,2021,4,7,0.75,2021095S10123,2021,20,SI,WA,7/04/2021 18:00,TS, , , ,PROVISIONAL,608,608,17,250
SEROJA,113.175,-16.0427,2021,4,7,0.875,2021095S10123,2021,20,SI,WA,7/04/2021 21:00,TS, , , ,PROVISIONAL,632,628,15,251
SEROJA,112.5,-16.3,2021,4,8,0,2021095S10123,2021,20,SI,WA,8/04/2021 0:00,TS, , , ,PROVISIONAL,645,614,12,237
SEROJA,112.117,-16.7071,2021,4,8,0.125,2021095S10123,2021,20,SI,WA,8/04/2021 3:00,TS, , , ,PROVISIONAL,614,580,10,216
SEROJA,111.9,-17.1,2021,4,8,0.25,2021095S10123,2021,20,SI,WA,8/04/2021 6:00,TS, , , ,PROVISIONAL,580,568,7,215
SEROJA,111.692,-17.2924,2021,4,8,0.375,2021095S10123,2021,20,SI,WA,8/04/2021 9:00,TS, , , ,PROVISIONAL,568,557,6,224
SEROJA,111.5,-17.5,2021,4,8,0.5,2021095S10123,2021,20,SI,WA,8/04/2021 12:00,TS, , , ,PROVISIONAL,557,528,8,211
SEROJA,111.287,-17.9349,2021,4,8,0.625,2021095S10123,2021,20,SI,WA,8/04/2021 15:00,TS, , , ,PROVISIONAL,528,501,10,208
SEROJA,111,-18.4,2021,4,8,0.75,2021095S10123,2021,20,SI,WA,8/04/2021 18:00,TS, , , ,PROVISIONAL,501,496,11,221
SEROJA,110.558,-18.7227,2021,4,8,0.875,2021095S10123,2021,20,SI,WA,8/04/2021 21:00,TS, , , ,PROVISIONAL,503,503,10,235
SEROJA,110.1,-19,2021,4,9,0,2021095S10123,2021,20,SI,WA,9/04/2021 0:00,TS, , , ,PROVISIONAL,519,519,9,231
SEROJA,109.777,-19.3148,2021,4,9,0.125,2021095S10123,2021,20,SI,WA,9/04/2021 3:00,TS, , , ,PROVISIONAL,524,524,8,223
SEROJA,109.5,-19.6,2021,4,9,0.25,2021095S10123,2021,20,SI,WA,9/04/2021 6:00,TS, , , ,PROVISIONAL,533,533,8,228
SEROJA,109.185,-19.8225,2021,4,9,0.375,2021095S10123,2021,20,SI,WA,9/04/2021 9:00,TS, , , ,PROVISIONAL,551,551,7,235
SEROJA,108.9,-20,2021,4,9,0.5,2021095S10123,2021,20,SI,WA,9/04/2021 12:00,TS, , , ,PROVISIONAL,566,566,6,235
SEROJA,108.677,-20.1574,2021,4,9,0.625,2021095S10123,2021,20,SI,WA,9/04/2021 15:00,TS, , , ,PROVISIONAL,573,573,5,231
SEROJA,108.5,-20.3,2021,4,9,0.75,2021095S10123,2021,20,SI,WA,9/04/2021 18:00,TS, , , ,PROVISIONAL,586,586,4,229
SEROJA,108.32,-20.45,2021,4,9,0.875,2021095S10123,2021,20,SI,WA,9/04/2021 21:00,TS, , , ,PROVISIONAL,596,596,4,223
SEROJA,108.2,-20.6,2021,4,10,0,2021095S10123,2021,20,SI,WA,10/04/2021 0:00,TS, , , ,PROVISIONAL,601,596,3,214
SEROJA,108.133,-20.7199,2021,4,10,0.125,2021095S10123,2021,20,SI,WA,10/04/2021 3:00,TS, , , ,PROVISIONAL,606,589,3,0
SEROJA,108.2,-20.9,2021,4,10,0.25,2021095S10123,2021,20,SI,WA,10/04/2021 6:00,TS, , , ,PROVISIONAL,589,558,6,149
SEROJA,108.44,-21.19,2021,4,10,0.375,2021095S10123,2021,20,SI,WA,10/04/2021 9:00,TS, , , ,PROVISIONAL,558,506,9,141
SEROJA,108.8,-21.6,2021,4,10,0.5,2021095S10123,2021,20,SI,WA,10/04/2021 12:00,TS, , , ,PROVISIONAL,506,455,11,143
SEROJA,109.178,-22.09,2021,4,10,0.625,2021095S10123,2021,20,SI,WA,10/04/2021 15:00,TS, , , ,PROVISIONAL,455,410,13,146
SEROJA,109.6,-22.7,2021,4,10,0.75,2021095S10123,2021,20,SI,WA,10/04/2021 18:00,TS, , , ,PROVISIONAL,410,362,15,150
SEROJA,109.999,-23.3895,2021,4,10,0.875,2021095S10123,2021,20,SI,WA,10/04/2021 21:00,TS, , , ,PROVISIONAL,360,294,17,151
SEROJA,110.5,-24.2,2021,4,11,0,2021095S10123,2021,20,SI,WA,11/04/2021 0:00,TS, , , ,PROVISIONAL,294,241,20,149
SEROJA,111.14,-25.0966,2021,4,11,0.125,2021095S10123,2021,20,SI,WA,11/04/2021 3:00,TS, , , ,PROVISIONAL,240,140,23,144
SEROJA,112,-26.1,2021,4,11,0.25,2021095S10123,2021,20,SI,WA,11/04/2021 6:00,TS, , , ,PROVISIONAL,129,68,27,140
SEROJA,113.097,-27.1696,2021,4,11,0.375,2021095S10123,2021,20,SI,WA,11/04/2021 9:00,TS, , , ,PROVISIONAL,72,0,31,136
SEROJA,114.4,-28.3,2021,4,11,0.5,2021095S10123,2021,20,SI,WA,11/04/2021 12:00,TS, , , ,PROVISIONAL,0,0,32,133
SEROJA,115.753,-29.3874,2021,4,11,0.625,2021095S10123,2021,20,SI,WA,11/04/2021 15:00,TS, , , ,PROVISIONAL,0,0,34,132
SEROJA,117.3,-30.6,2021,4,11,0.75,2021095S10123,2021,20,SI,WA,11/04/2021 18:00,TS, , , ,PROVISIONAL,0,0,40,132
SEROJA,119.183,-32.0499,2021,4,11,0.875,2021095S10123,2021,20,SI,WA,11/04/2021 21:00,TS, , , ,PROVISIONAL,0,0,44,133
SEROJA,121.1,-33.6,2021,4,12,0,2021095S10123,2021,20,SI,WA,12/04/2021 0:00,ET, , , ,PROVISIONAL,0,0,43,136
SEROJA,122.736,-35.1174,2021,4,12,0.125,2021095S10123,2021,20,SI,WA,12/04/2021 3:00,ET, , , ,PROVISIONAL,122,122,39,140
SEROJA,124.2,-36.6,2021,4,12,0.25,2021095S10123,2021,20,SI,WA,12/04/2021 6:00,ET, , , ,PROVISIONAL,303, ,38,142
